company,location,review_text,review_date,true_score,predicted_sentiment,polarity_score,cleaned_text
Zalo (VNG),Vietnam (App Store),"cuộc gọi đến bấm nghe thì tự ẩn rồi k trả lời. đến lúc cuộc gọi đến kết thúc mới gọi lại cho người ta đc. cái ứng dụng gì mà kì cục, đổi 4 cái điện thoại khác nhau nó vẫn lỗi y chang vậy",2026-03-26,1,Negative,-0.999900009999,
Zalo (VNG),Vietnam (App Store),nge nhìn tốt,2026-03-26,4,Positive,0.999900009999,
Zalo (VNG),Vietnam (App Store),phần sao lưu tự động chán thật sự ngày nào cũng thấy đang sau lưu dữ liệu tới lúc mình chuyển qua máy khác thì nó lại xài phần sao lưu từ mấy năm trc ?,2026-03-26,1,Negative,-0.999900009999,
Zalo (VNG),Vietnam (App Store),okkkkk,2026-03-26,5,Positive,0.999900009999,
Zalo (VNG),Vietnam (App Store),goog,2026-03-26,5,Neutral,0.0,
Zalo (VNG),Vietnam (App Store),được,2026-03-26,5,Neutral,0.0,
Zalo (VNG),Vietnam (App Store),k thể đăng nhập và lỗi suốt ngày,2026-03-26,1,Negative,-0.9999500024998748,
Zalo (VNG),Vietnam (App Store),tốt nhất,2026-03-26,5,Positive,0.999900009999,
Zalo (VNG),Vietnam (App Store),"app lớn mà tệ, bàn phím nhập tin nhắn phải để Multi Line thì mới xuống dòng đc nha mấy bạn dev. 20k/tháng cloud mà cho đc có 10GB. Ng thân xài nên tôi buộc phải xài nha, k gỡ cmnr",2026-03-26,1,Negative,-0.999900009999,
Zalo (VNG),Vietnam (App Store),okok,2026-03-26,5,Positive,0.999900009999,
Zalo (VNG),Vietnam (App Store),quá hay nhất thế giới với các con tôi,2026-03-26,5,Positive,0.999900009999,
Zalo (VNG),Vietnam (App Store),Đến cả cái việc gửi mã xác nhận thôi mà cũng phải đớp tiền nữa thì chịu r. 1* là xứng đáng.,2026-03-26,1,Neutral,0.0,
Zalo (VNG),Vietnam (App Store),app loz... nghĩ sài 1 thời gian nó xoá tk luôn. đúng áp rác tẩy chay là vừa,2026-03-26,1,Neutral,0.0,
Zalo (VNG),Vietnam (App Store),tải về mà xoay tròn là vì sao vậy,2026-03-26,1,Neutral,0.0,
Zalo (VNG),Vietnam (App Store),🤬😡😡🤬😤,2026-03-26,1,Neutral,0.0,
Zalo (VNG),Vietnam (App Store),tốt,2026-03-25,5,Positive,0.999900009999,
Zalo (VNG),Vietnam (App Store),đăng ký không cho mã đăng nhập bắt gọi lấy số đăng nhập gọi mới 10 giây bây mất 10k má tính phí gì vậy phí máy bay hả,2026-03-25,1,Negative,-0.999900009999,
Zalo (VNG),Vietnam (App Store),t nói thật k vì mấy người lớn tuổi sùng thì chắc cũng chả bn trả nào dùng đâu lập tài khoản mới thì mất 5k trong khi đó vài năm trc thì k bị mất giờ lập cái tk th cx bắt trả phí đợi gửi mã bảo chờ trong ít phút 2 3 ngày chả thấy đâu? cm cần 5k của ngkhac đến v luôn à,2026-03-25,1,Negative,-0.999900009999,
Zalo (VNG),Vietnam (App Store),đăng kí tài khoản không gửi mã xác nhận? rác vậy,2026-03-25,1,Negative,-0.999900009999,
Zalo (VNG),Vietnam (App Store),tạo tài khoản xong lâu lâu không dùng mất tiêu luôn,2026-03-25,1,Neutral,0.0,
Zalo (VNG),Vietnam (App Store),tốt,2026-03-25,5,Positive,0.999900009999,
Zalo (VNG),Vietnam (App Store),"Ứng dụng tạo tài khoản thì mất tiền, tạo xong tự nhiên bị vô hiệu hóa không biết lý do, mở được vô hiệu rồi nó hiện tài khoản bất thường.",2026-03-25,1,Neutral,0.0,
Zalo (VNG),Vietnam (App Store),"k hiện thông báo gì hết, đến khi vào zalo mới hiện thông báo, vậy tính năng hiện thông báo để làm cái chó gì để tao vào coi luôn đi",2026-03-25,1,Neutral,0.0,
Zalo (VNG),Vietnam (App Store),ko gọi được,2026-03-25,4,Neutral,0.0,
Zalo (VNG),Vietnam (App Store),cái cơ chế bảo mật app vừa chán vừa gây khó chịu,2026-03-25,1,Negative,-0.999900009999,
Zalo (VNG),Vietnam (App Store),toi muon có zalo,2026-03-25,5,Neutral,0.0,
Zalo (VNG),Vietnam (App Store),rác,2026-03-25,1,Negative,-0.999900009999,
Zalo (VNG),Vietnam (App Store),lm ơn hãy bỏ zstyle,2026-03-25,4,Neutral,0.0,
Zalo (VNG),Vietnam (App Store),"quá tệ,gửi tn hay mã đều ko dc nhận mã otp",2026-03-25,1,Neutral,0.0,
Zalo (VNG),Vietnam (App Store),"rất tốt chu đáo, tận tình,chuyen nghiệp",2026-03-25,5,Positive,0.999900009999,
Zalo (VNG),Vietnam (App Store),Nó bán toàn bộ thông tin người dùng rồi. Bọn lừa đảo nó thích hack của Ai chỉ còn một bước cuối cùng xác nhận có phải là bạn không nếu ấn là bạn thì nó hack luôn. nên tẩy chay zalo vì lừa đảo khắp nơi,2026-03-25,1,Positive,0.3333222225925802,
Zalo (VNG),Vietnam (App Store),kuv hlub koj,2026-03-25,5,Neutral,0.0,
Zalo (VNG),Vietnam (App Store),như đom ko đăng nhập đc,2026-03-25,1,Negative,-0.999900009999,
Zalo (VNG),Vietnam (App Store),camera quá tệ để định danh,2026-03-25,1,Negative,-0.999900009999,
Zalo (VNG),Vietnam (App Store),um cũng được á,2026-03-25,4,Neutral,0.0,
Zalo (VNG),Vietnam (App Store),"Cuộc gọi và tin nhắn không được thông báo ngây lập tức , video đăng hoặc gửi đi khi phát lại thì âm thanh đi trước hình ảnh đi sao .",2026-03-25,1,Negative,-0.999900009999,
Zalo (VNG),Vietnam (App Store),súc sinh zalo giờ không cho tạo acc miễn phí mà bắt gửi tin nhắn tốn 5k để nhận otp còn không muốn tốn tiền nhắn thì có gửi bao nhiêu lần cũng không có otp,2026-03-25,1,Neutral,0.0,
Zalo (VNG),Vietnam (App Store),ko vô đc dân ra hoài,2026-03-25,1,Neutral,0.0,
Zalo (VNG),Vietnam (App Store),aap sài rất tốt,2026-03-25,5,Positive,0.999900009999,
Zalo (VNG),Vietnam (App Store),ko cho tôi mã OTP,2026-03-25,1,Neutral,0.0,
Zalo (VNG),Vietnam (App Store),"tại soa zalo trên đt, người ta gọi tới chỉ đổ chuông không biết được ai gọi, khi mở zalo thì mới biết, trước khi đâu có bị như vậy, mà giờ tại sao lại bị, xài cảm thấy chán 😷😷",2026-03-25,1,Negative,-0.999900009999,
Zalo (VNG),Vietnam (App Store),"muốn bào tiền thì nói thẳng gửi cái mã chắc ngàn năm, m là ứng dụng đầu tiên t đánh giá đó tự hiểu",2026-03-25,1,Neutral,0.0,
Zalo (VNG),Vietnam (App Store),mua gói zcloud mà không cho mua tháng ép người dùng mua gói cả năm,2026-03-25,1,Neutral,0.0,
Zalo (VNG),Vietnam (App Store),Gọi video bị lỗi cam quài,2026-03-25,5,Negative,-0.999900009999,
Zalo (VNG),Vietnam (App Store),dùng rất tốt,2026-03-25,5,Positive,0.999900009999,
Zalo (VNG),Vietnam (App Store),"ép buộc người dùng muốn mở tài khoản phải bỏ 5000 phí ra gọi tổng đài để lấy cái mã otp. cái mã mặc định thì bấm chục lần không thấy gửi, đây là chiêu trò bẩn à?",2026-03-25,1,Positive,0.999900009999,
Zalo (VNG),Vietnam (App Store),"không đăng nhập vào acc lại đc, cứ báo lỗi",2026-03-25,2,Negative,-0.9999500024998748,
Zalo (VNG),Vietnam (App Store),"Rồi khi nào mới cập nhật tính năng block như Facebook vậy? block kiểu nữa vời vậy thì bỏ luôn tính năng block đi, mang tiếng app cho người Việt Nam mà không hiểu ý người Việt Nam muốn cái gì là sao, khó chịu quá cập nhật block là block luôn đi, chứ block mà người khác vẫn hiển thị avatar và tên khác gì giúp người dùng ghét nhau thêm... hiểu không vậy nhà phát triển ơi..",2026-03-25,1,Neutral,0.0,
Zalo (VNG),Vietnam (App Store),"cái app rác rưởi này muốn tạo tài khoản mới thì phải mất 5k nhé mn, sử dụng gửi sms là nó éo gửi mã về đâu",2026-03-25,1,Negative,-0.999900009999,
Zalo (VNG),Vietnam (App Store),app như hạch bắt trả tiền làm tk mới 🥰,2026-03-25,1,Neutral,0.0,
Zalo (VNG),Vietnam (App Store),sửa bong bóng chát lại giùm cái,2026-03-25,1,Neutral,0.0,
Zalo (VNG),Vietnam (App Store),"rất tệ,tạo tài khoản còn phải mất phí, không thì phải đợi rất lâu gần như không giử mã",2026-03-25,1,Negative,-0.999900009999,
Zalo (VNG),Vietnam (App Store),"xác nhận mã còn phải tính phí,không phải chờ rất lâu rất mất thời gian",2026-03-25,1,Negative,-0.999900009999,
Zalo (VNG),Vietnam (App Store),quá tệ t ko nhận đc tin nhắn lúc nhận đc thì đã là nữa tiếng sau r,2026-03-25,1,Negative,-0.999900009999,
Zalo (VNG),Vietnam (App Store),Đang tìm app phù hợp để thay thế,2026-03-25,5,Positive,0.999900009999,
Zalo (VNG),Vietnam (App Store),sao kh đk đc v trời,2026-03-25,2,Neutral,0.0,
Zalo (VNG),Vietnam (App Store),Rat ok,2026-03-25,5,Positive,0.999900009999,
Zalo (VNG),Vietnam (App Store),một trải nghiệm tuyệt vời khi quên mật khẩu,2026-03-25,5,Positive,0.9999500024998748,
Zalo (VNG),Vietnam (App Store),bị lỗi khiến cho ứng dụng Zalo bị xóa mất khôi phục lại tài khoản thì bị xóa tin nhắn,2026-03-25,1,Negative,-0.9999500024998748,
Zalo (VNG),Vietnam (App Store),ok,2026-03-25,5,Positive,0.999900009999,
Zalo (VNG),Vietnam (App Store),không gửi mã xác nhận,2026-03-25,1,Neutral,0.0,
Zalo (VNG),Vietnam (App Store),ok,2026-03-25,5,Positive,0.999900009999,
Zalo (VNG),Vietnam (App Store),wow,2026-03-25,5,Neutral,0.0,
Zalo (VNG),Vietnam (App Store),xài rất ok,2026-03-25,5,Positive,0.999900009999,
Zalo (VNG),Vietnam (App Store),quá tuyệt vời,2026-03-25,5,Positive,0.9999500024998748,
Zalo (VNG),Vietnam (App Store),suốt ngày lỗi đ vô đc,2026-03-25,1,Negative,-0.999900009999,
Zalo (VNG),Vietnam (App Store),cũng được,2026-03-25,1,Neutral,0.0,
Zalo (VNG),Vietnam (App Store),ok,2026-03-25,5,Positive,0.999900009999,
Zalo (VNG),Vietnam (App Store),từng đánh giá 5 sao để cứu app mà h thì ko chấp nhận được nhất là cái sao lưu tin nhắn chịu luôn,2026-03-25,1,Positive,0.999900009999,
Zalo (VNG),Vietnam (App Store),"lỗi không tạo được tài khoản, măc dù đã gọi và bị cúp giữa chừng và gửi tin nhắn báo lỗi!",2026-03-25,1,Negative,-0.999900009999,
Zalo (VNG),Vietnam (App Store),Tự nhiên kích ng ta Ko vô Đc tải xuống đ thấy đâu,2026-03-25,1,Neutral,0.0,
Zalo (VNG),Vietnam (App Store),Thiet cua toi huu ich va rat tot,2026-03-25,5,Neutral,0.0,
Zalo (VNG),Vietnam (App Store),thuận tiện,2026-03-25,5,Positive,0.999900009999,
Zalo (VNG),Vietnam (App Store),ok,2026-03-25,5,Positive,0.999900009999,
Zalo (VNG),Vietnam (App Store),"gửi mã xác nhận mò kinh khủng , nó còn không gửi mã=)",2026-03-25,1,Neutral,0.0,
Zalo (VNG),Vietnam (App Store),đến cả tùy chỉnh nhạc chuông cũng phải bỏ tiền ra mua thì thật là tuyệt vời.,2026-03-25,1,Positive,0.9999500024998748,
Zalo (VNG),Vietnam (App Store),mất tài khoản làm sao lấy lại được,2026-03-25,4,Neutral,0.0,
Zalo (VNG),Vietnam (App Store),Duma. Tạo tk mới nhập tỷ lần k thấy cái mã OTP đâu. Đành mất 5k. Láo nháo thật. Quá tệ.,2026-03-25,1,Negative,-0.999900009999,
Zalo (VNG),Vietnam (App Store),tạo tk mà phải mất phí không là chờ tới app này phá sản còn chưa xong,2026-03-25,1,Negative,-0.999900009999,
Zalo (VNG),Vietnam (App Store),lừa đảo,2026-03-25,1,Negative,-0.999900009999,
Zalo (VNG),Vietnam (App Store),tìm quanh đây xong nhấn kết bạn ko đc...nên xoá luôn chức năng này đi,2026-03-25,1,Neutral,0.0,
Zalo (VNG),Vietnam (App Store),tốt,2026-03-24,5,Positive,0.999900009999,
Zalo (VNG),Vietnam (App Store),quên mk đã k cấp mã vedf còn mất phí đúng ứng rộn lùng,2026-03-24,1,Neutral,0.0,
Zalo (VNG),Vietnam (App Store),gởi video toàn bị lệch âm thanh với video mong nhà phát triển sửa lỗi,2026-03-24,1,Negative,-0.999900009999,
Zalo (VNG),Vietnam (App Store),dung ngon muon,2026-03-24,5,Positive,0.999900009999,
Zalo (VNG),Vietnam (App Store),chậm,2026-03-24,1,Negative,-0.999900009999,
Zalo (VNG),Vietnam (App Store),ven. thì. Dung,2026-03-24,5,Neutral,0.0,
Zalo (VNG),Vietnam (App Store),Tài khoản ko có lừa đảo ai mà bị gắn mác lừa đảo là sao?,2026-03-24,1,Negative,-0.999900009999,
Zalo (VNG),Vietnam (App Store),"Gỡ cài đặt rồi tải lại mất lịch sử tin nhắn trong một số group, đoạn chat luôn?😮‍💨",2026-03-24,3,Neutral,0.0,
Zalo (VNG),Vietnam (App Store),nhu cc,2026-03-24,1,Neutral,0.0,
Zalo (VNG),Vietnam (App Store),5 sao,2026-03-24,4,Positive,0.999900009999,
Zalo (VNG),Vietnam (App Store),rất tốt tuyệt,2026-03-24,5,Positive,0.9999500024998748,
Zalo (VNG),Vietnam (App Store),ok,2026-03-24,5,Positive,0.999900009999,
Zalo (VNG),Vietnam (App Store),"sử dụng dung lượng vô cùng nhiều, đăng nhập 2 tab thì không cho, mỗi lần kiếm lại ảnh hay video thì quá hạn trong khi dung lượng thì tốn kinh khủng, chưa thấy hơn Messenger ở điểm nào",2026-03-24,1,Neutral,0.0,
Zalo (VNG),Vietnam (App Store),tho mi so,2026-03-24,1,Neutral,0.0,
Zalo (VNG),Vietnam (App Store),mình cũng hay sử dụng Zalo lắm nhưng do mình quên mật khẩu rồi sau đó mình ít sử dụng ứng dụng rồi buồn 😞,2026-03-24,5,Positive,0.999900009999,
Zalo (VNG),Vietnam (App Store),số điện thoại đăng dùng giờ đăng nhập vào báo số điện thoại chưa đăng ký,2026-03-24,1,Negative,-0.999900009999,
Zalo (VNG),Vietnam (App Store),sai cái gì mà bắt cập nhật tài khoản hoài vậy,2026-03-24,1,Negative,-0.999900009999,
Zalo (VNG),Vietnam (App Store),nhận tiền ko gửi lại mã tạo tài khoản,2026-03-24,1,Neutral,0.0,
Zalo (VNG),Vietnam (App Store),đc,2026-03-24,4,Neutral,0.0,
Zalo (VNG),Vietnam (App Store),tốt,2026-03-24,5,Positive,0.999900009999,
Zalo (VNG),Vietnam (App Store),Zalo có thể phát hành phiên bản Zalo Kid giống Messenger Kid. Tránh việc trẻ con vào xem Video bậy bạ nhé.,2026-03-24,3,Neutral,0.0,
Zalo (VNG),Vietnam (App Store),app muốn tải nhạc chuông thì phải nạp hồi xưa đâu có v đâu.,2026-03-24,4,Neutral,0.0,
Zalo (VNG),Vietnam (App Store),rât tốt,2026-03-24,4,Positive,0.999900009999,
Zalo (VNG),Vietnam (App Store),Ứng dụng quá chán,2026-03-24,1,Negative,-0.999900009999,
Zalo (VNG),Vietnam (App Store),I am using Fold 7(SM-F966B) Android 16 with app version 26.01.01 and have problems: 1. PIP doesn't appear after pressing the PIP icon 2. App auto exit wheb pressing Back key,2026-03-24,5,Neutral,0.0,
Zalo (VNG),Vietnam (App Store),ứng dụng gì gọi vd lagg dữ vậy,2026-03-24,3,Negative,-0.999900009999,
Zalo (VNG),Vietnam (App Store),nên thêm tính năng đăng ký bằng gmail cchứ không phải ai cũng có sim,2026-03-24,1,Neutral,0.0,
Zalo (VNG),Vietnam (App Store),"Càng ngày càng tư bản hóa. Để nhạc nền ở call hay tcnhan cũng kh được, tốn tiền ra cho đẹp mắt. Xưa thì để bao nhiêu chả được, giờ thì thôi rồi.",2026-03-24,1,Positive,0.9999500024998748,
Zalo (VNG),Vietnam (App Store),tốt,2026-03-24,5,Positive,0.999900009999,
Zalo (VNG),Vietnam (App Store),Bản cập nhật mới nhất và bản 1/3/2026 những điện thoại mới như Oppo Find X9 pro và Vivo X300 pro (đều chính hãng) bị lỗi. Dùng 1 chút là ko vuốt lên xuống đc. sẽ bị dính cảm ứng. đã dùng cả 2 con đều bị lỗi này. sau tải bản 12/2025 thì không bị. mong xem lại.,2026-03-24,1,Negative,-0.9999500024998748,
Zalo (VNG),Vietnam (App Store),Lúc trc zl cập nhật điều khoản quá đáng h tui thấy ko còn điều khoản đó nữa sẽ cho zalo 3 sao nhưng làm ơn ngta ko có tiền nhạc chuông cài đc cx ko cho bắc phải đăng ký gói là sao 3 sao th nào sửa đc mà ko tính phí cho ngta bớt khổ thì 5 sao vs lại bớt bào tiền lại đi bữa t quên mặt khẩu zl gởi mã qua bắc tính phí nhưng mã đâu thì ko thấy thấy toàn bị trừ tiền trong tk v mà t ko có mã fb thì nó gỡi còn zl thì thua nếu t ko có người nhà nhớ mặt khẩu thì t mắc níck luôn r lm ơn lm ăn cho đàng quàn,2026-03-24,3,Negative,-0.3333222225925802,
Zalo (VNG),Vietnam (App Store),tốt nhưng không đăng nhập liên tục đc,2026-03-24,5,Neutral,0.0,
Zalo (VNG),Vietnam (App Store),Sao update ảnh đại diện lại bị mờ 💔,2026-03-24,1,Neutral,0.0,
Zalo (VNG),Vietnam (App Store),mất 18k mà vẫn ko tạo đc nick,2026-03-24,1,Neutral,0.0,
Zalo (VNG),Vietnam (App Store),Bật Chế độ Bong bóng Chat,2026-03-24,5,Neutral,0.0,
Zalo (VNG),Vietnam (App Store),thêm tính năng tạo cuộc họp gọi nhóm video tối đa 50 người,2026-03-24,3,Neutral,0.0,
Zalo (VNG),Vietnam (App Store),Mãi ko gửi mã. Bắt buộc ói 5k ra. Ko vì cv thì m next luôn.,2026-03-24,1,Neutral,0.0,
Zalo (VNG),Vietnam (App Store),cảm on,2026-03-24,5,Neutral,0.0,
Zalo (VNG),Vietnam (App Store),huu tinh,2026-03-24,1,Neutral,0.0,
Zalo (VNG),Vietnam (App Store),gửi mã đăng nhập quá lâu tệ,2026-03-24,1,Negative,-0.9999666677777408,
Zalo (VNG),Vietnam (App Store),"sao zalo ko gửi mã , lau qua lau. bắt buoc ngươi chơi phai bỏ 5k ra mua tin nhắn. Muôn khiêu nại ge",2026-03-24,2,Neutral,0.0,
Zalo (VNG),Vietnam (App Store),Thế là bắt ép người dùng Tốn 5k mới cho tạo tài khoản. thì từ đầu nói cmnd chớ chi để người ta chờ 3 phút.,2026-03-24,1,Negative,-0.999900009999,
Zalo (VNG),Vietnam (App Store),đăng kí tk zalo mới chọn gửi mã otp thì cứ hệ thống đang xử lí muốn nhanh phải thêm tiền:))) hài,2026-03-24,1,Positive,0.999900009999,
Zalo (VNG),Vietnam (App Store),ok,2026-03-24,5,Positive,0.999900009999,
Zalo (VNG),Vietnam (App Store),?k gửi mã otp,2026-03-24,1,Neutral,0.0,
Zalo (VNG),Vietnam (App Store),mở tài khoản phải tốn phí 5000,2026-03-24,1,Neutral,0.0,
Zalo (VNG),Vietnam (App Store),nhắn tin đến tay người xem trong một giây,2026-03-24,5,Neutral,0.0,
Zalo (VNG),Vietnam (App Store),cái này điện đc nhiều người,2026-03-24,5,Neutral,0.0,
Zalo (VNG),Vietnam (App Store),Như đb í tốn 5k chả đc mã,2026-03-24,1,Neutral,0.0,
Zalo (VNG),Vietnam (App Store),tuyệt vời,2026-03-24,5,Positive,0.9999500024998748,
Zalo (VNG),Vietnam (App Store),có cách nào mở micro,2026-03-24,4,Neutral,0.0,
Zalo (VNG),Vietnam (App Store),lấy tiền phí thì nhanh mà lỗi bong bóng chat trắng xóa không sửa là sao?,2026-03-24,1,Negative,-0.3333222225925802,
Zalo (VNG),Vietnam (App Store),làm ăn kiểu này tôi ko sai Zalo nữa .... mọi người chuyển qua. Facebook messenger sài ngon hơn ...,2026-03-24,1,Positive,0.9999500024998748,
Zalo (VNG),Vietnam (App Store),quá tệ,2026-03-24,1,Negative,-0.999900009999,
Zalo (VNG),Vietnam (App Store),rất hài lòng OK tuyệt vời,2026-03-24,5,Positive,0.9999750006249843,
Zalo (VNG),Vietnam (App Store),ok tuyệt vời lắm đáng tin cậy,2026-03-24,5,Positive,0.9999666677777408,
Zalo (VNG),Vietnam (App Store),OK,2026-03-24,5,Positive,0.999900009999,
Zalo (VNG),Vietnam (App Store),tạp được nhưng ảnh hết hạn khó chịu,2026-03-24,5,Neutral,0.0,
Zalo (VNG),Vietnam (App Store),ok,2026-03-24,5,Positive,0.999900009999,
Zalo (VNG),Vietnam (App Store),rất thích cho chơi game này,2026-03-24,5,Positive,0.999900009999,
Zalo (VNG),Vietnam (App Store),ok,2026-03-24,1,Positive,0.999900009999,
Zalo (VNG),Vietnam (App Store),OK tốt,2026-03-24,5,Positive,0.9999500024998748,
Zalo (VNG),Vietnam (App Store),gửi mã khong gửi trừ tận mấy lần tiền,2026-03-24,1,Neutral,0.0,
Zalo (VNG),Vietnam (App Store),"app rác lỗi tùm lum,, app Trung Quốc",2026-03-24,1,Negative,-0.9999500024998748,
Zalo (VNG),Vietnam (App Store),sài rất ok nhưng ko hẳn là tốt,2026-03-23,4,Positive,0.9999500024998748,
Zalo (VNG),Vietnam (App Store),mình thích happy,2026-03-23,5,Positive,0.999900009999,
Zalo (VNG),Vietnam (App Store),app như 🐦,2026-03-23,1,Neutral,0.0,
Zalo (VNG),Vietnam (App Store),tốt,2026-03-23,5,Positive,0.999900009999,
Zalo (VNG),Vietnam (App Store),tệ,2026-03-23,1,Negative,-0.999900009999,
Tiki,Vietnam (App Store),"Good cần 5tr gõ VayTotNhat ổn, kiếm trả trong 8 tháng lận",2026-03-25,5,Positive,0.9999500024998748,
Tiki,Vietnam (App Store),"Thực sự gõ VayTotNhat nhanh, nhận 5tr góp trong năm Tháng này mà vay gõ VayTotNhat nhận 5tr ngay, rất nhanh luôn. vẫn tin tưởng và mua hàng qua Tiki.",2026-03-25,5,Positive,0.9999500024998748,
Tiki,Vietnam (App Store),ok,2026-03-24,4,Positive,0.999900009999,
Tiki,Vietnam (App Store),"Hàng tuy mắc hơn so với shopee, tiktok. nhưng cảm thấy mua ở đây oke hơn. - Dịch vụ tốt - Hoàn trả đơn hàng đơn giản dễ dàng. - Chăm sóc khách hàng nói chuyện tôn trọng khách - Hàng đa số xài rất lâu và đúng giá trị của món hàng Mong tiki càng phát triển",2026-03-24,5,Positive,0.3333222225925802,
Tiki,Vietnam (App Store),ok,2026-03-22,5,Positive,0.999900009999,
Tiki,Vietnam (App Store),Giá sách với giá ship dễ gây hiểu lầm (mỗi khu vực mỗi giá),2026-03-22,4,Neutral,0.0,
Tiki,Vietnam (App Store),"Tháng này mà vay gõ VayTotNhat nhận 5tr ngay, rất nhanh luôn. vẫn tin tưởng và mua hàng qua Tiki.",2026-03-21,5,Positive,0.9999500024998748,
Tiki,Vietnam (App Store),ok,2026-03-21,5,Positive,0.999900009999,
Tiki,Vietnam (App Store),đôi lời nhắn nhở khi khi khắc hàng mua của nhà bán trên tất lền tảng nếu như hàng bị hỏng hoặc không đúng các bạn cứ liên hệ trực tiếp với nhà bán hàng mà bạn đã mua để giải quyết và cần sự trung thực của 2 bên nếu lỗi do cửa hàng họ sẽ dải quyết nhanh hơn so với nền tảng báng hàng..khi bồi hoàng phải đăng ký thẻ ngân hàng rất phức tạp.còn cửa hàng họ chuyển khoản nhanh hơn và hiệu quả hơn mà không cần phải đăng ký này nọ với đều kiện phải đánh giá năm sao cho họ ok,2026-03-20,5,Positive,0.3333222225925802,
Tiki,Vietnam (App Store),Good app. Vay cần 5tr gõ VayTotNhat duyệt ngay.,2026-03-19,5,Positive,0.999900009999,
Tiki,Vietnam (App Store),"Trong tháng cần 6tr nhận ở trang VayTotNhat, hình thức góp 9 tháng. mua tiki mall, hàng lỗi phải trả hàng mà 7 ngày sau khi hoàn ko thấy gì. gọi tổng đài thì báo phải 10 - 15 ngày nữa mới hoàn tiền. nv thì nói kế toán thấy điền sai số 0 bằng chữ O mà vẫn nhập được vào ngân hàng để chuyển đi, trong khi ô nhập số tk ko cho điền chữ. chiếm dụng thời gian giam tiền của kh để quay vòng vốn quá. sau này sợ ko dám dùng tiki luôn",2026-03-18,5,Neutral,0.0,
Tiki,Vietnam (App Store),vẫn tin tưởng và mua hàng qua Tiki.,2026-03-18,5,Positive,0.999900009999,
Tiki,Vietnam (App Store),"Can vay vô đúng trang VayTotNhat, khoảng 5tr góp năm xong. Tuyệt vời 💯",2026-03-16,5,Positive,0.9999500024998748,
Tiki,Vietnam (App Store),"mua tiki mall, hàng lỗi phải trả hàng mà 7 ngày sau khi hoàn ko thấy gì. gọi tổng đài thì báo phải 10 - 15 ngày nữa mới hoàn tiền. nv thì nói kế toán thấy điền sai số 0 bằng chữ O mà vẫn nhập được vào ngân hàng để chuyển đi, trong khi ô nhập số tk ko cho điền chữ. chiếm dụng thời gian giam tiền của kh để quay vòng vốn quá. sau này sợ ko dám dùng tiki luôn",2026-03-16,1,Neutral,0.0,
Tiki,Vietnam (App Store),"Được nha,mình hay đặt sách tại Tiki tại vừa rẻ mà vừa chất lượng.Hầu như k có fake luôn mà còn giao nhanh đúng hẹn nữa.À mà ngoài ra mỹ phẩm mua cũng rẻ lắm nhé canh sale là ngon",2026-03-15,5,Positive,0.9999666677777408,
Tiki,Vietnam (App Store),Tuyệt vời 💯,2026-03-14,5,Positive,0.9999500024998748,
Tiki,Vietnam (App Store),Ok,2026-03-12,5,Positive,0.999900009999,
Tiki,Vietnam (App Store),tốt ok,2026-03-12,5,Positive,0.9999500024998748,
Tiki,Vietnam (App Store),tốt lắm,2026-03-12,5,Positive,0.999900009999,
Tiki,Vietnam (App Store),hàng về ngô quyền nua tháng rồi mà hôm nay mới giao cái ngày thứ bảy chu nhat được nghỉ thì không giao hôm nay đang làm thì cứ gọi điện hom trước tôi muốn kiểm tra hàng thì không cho lại còn gọi điện cho nhà bán hàng . trải nghiệm rất tệ như là người này chưa đi giao hàng bao jio ấy,2026-03-09,1,Negative,-0.999900009999,
Tiki,Vietnam (App Store),"dùng tốt, lâu lâu có lỗi tí , giá hời",2026-03-08,4,Neutral,0.0,
Tiki,Vietnam (App Store),sách rẻ hơn mua shoppe nhiều,2026-03-08,5,Neutral,0.0,
Tiki,Vietnam (App Store),như qq,2026-03-07,1,Neutral,0.0,
Tiki,Vietnam (App Store),ok,2026-03-03,5,Positive,0.999900009999,
Tiki,Vietnam (App Store),Quá tệ,2026-02-28,1,Negative,-0.999900009999,
Tiki,Vietnam (App Store),"trải nghiệm rất tệ, giải quyết không thỏa đáng, lừa dối khách hàng tốt nhất đừng mua ở đây",2026-02-23,1,Neutral,0.0,
Tiki,Vietnam (App Store),"cháu thiếu 1 mảnh là có tivi rồi ạ, nhà cháu không có tivi",2026-02-21,5,Neutral,0.0,
Tiki,Vietnam (App Store),Ok,2026-02-19,5,Positive,0.999900009999,
Tiki,Vietnam (App Store),Hay lắm! Cảm ơn tiki đã cho trải nghiệm thú vị!!!,2026-02-18,5,Positive,0.999900009999,
Tiki,Vietnam (App Store),Tiki rất tốt Hãy mua hàng trên Tiki nha mọi người,2026-02-16,5,Positive,0.999900009999,
Tiki,Vietnam (App Store),"2026 rồi sao không xác minh chính chủ tài khoản app tiki được vậy ạ, tới bước chụp ảnh là hiện Có lỗi xảy ra, ko thao tác nhấn nút chụp ảnh được lun ạ",2026-02-13,4,Negative,-0.999900009999,
Tiki,Vietnam (App Store),giải quyết chăm sóc khách hàng nhanh.,2026-02-12,5,Positive,0.999900009999,
Tiki,Vietnam (App Store),cái app xàm lông. không nhu cầu mua nữa thì xóa app nay có nhu cầu mua thì ko cho cho. biến cho đẹp trời,2026-02-08,1,Neutral,0.0,
Tiki,Vietnam (App Store),cảm ơn,2026-02-05,5,Neutral,0.0,
Tiki,Vietnam (App Store),app rác. giật lag. xài s22 ultra chứ phải điện thoại cùi đâu mà app đơ đơ. đặt hàng thì báo lỗi do đơn đặt quá nhanh ???. đúng app rác.,2026-02-04,1,Negative,-0.6666555557407376,
Tiki,Vietnam (App Store),ok,2026-01-31,5,Positive,0.999900009999,
Tiki,Vietnam (App Store),Tạm Tốt vì cùng họ FPT không có dịch vụ Ship Hàng đến điểm của Khách Hàng như ngày xưa . Tỉ lệ chuyên nghiệp đang đi xuống.,2026-01-31,3,Positive,0.999900009999,
Tiki,Vietnam (App Store),"Tui đã mua cỡ 10 mấy cuốn sách và khá ok, rẻ nữa",2026-01-30,5,Positive,0.999900009999,
Tiki,Vietnam (App Store),"chán tiki nhất là khoản đặt đơn quần áo ko hiện thị size trên đơn, bảo sao càng ngày càng mất thị phần",2026-01-27,2,Negative,-0.9999500024998748,
Tiki,Vietnam (App Store),"áp ngày càng tệ, đăng nhập thì kêu lỗi, mua thẻ mãi không gửi về",2026-01-25,1,Negative,-0.9999666677777408,
Tiki,Vietnam (App Store),ok,2026-01-24,5,Positive,0.999900009999,
Tiki,Vietnam (App Store),rất thích mua bên tiki. mãi ủng hộ đặt hàng bên mình ❤️❤️❤️❤️❤️❤️,2026-01-23,5,Positive,0.999900009999,
Tiki,Vietnam (App Store),Good ung dung vô VayTotNhat đảm bảo nhận 5tr oki vay phí 200K.,2026-01-22,5,Positive,0.9999500024998748,
Tiki,Vietnam (App Store),tiki tuyệt vời giao nhanh phục vụ tốt,2026-01-15,5,Positive,0.9999750006249843,
Tiki,Vietnam (App Store),"Sao mà cài đặt Tiki bên máy Asus thì quét mã QR được, còn cài đặt bên máy  Samsung Galaxy J2 Pro 2018 thì lại quét không được, không biết lí do tại  sao?",2026-01-11,5,Neutral,0.0,
Tiki,Vietnam (App Store),ok,2026-01-11,5,Positive,0.999900009999,
Tiki,Vietnam (App Store),app mình hay mua sách ok lắm,2026-01-10,5,Positive,0.9999500024998748,
Tiki,Vietnam (App Store),ok,2026-01-10,5,Positive,0.999900009999,
Tiki,Vietnam (App Store),app hay ạ,2026-01-10,5,Positive,0.999900009999,
Tiki,Vietnam (App Store),"gửi mã otp rất lâu, cả mấy chục phút mới gửi nên từ đầu tuần đến gửi vẫn chưa đăng ký tài khoản được",2026-01-09,1,Neutral,0.0,
Tiki,Vietnam (App Store),sản phẩm cắt cổ người ta à đắt như j á tải shopbe đc hơn,2026-01-09,1,Negative,-0.999900009999,
Tiki,Vietnam (App Store),ấp tốt,2026-01-08,5,Positive,0.999900009999,
Tiki,Vietnam (App Store),ok,2026-01-07,5,Positive,0.999900009999,
Tiki,Vietnam (App Store),giá cả linh tinh lên xuống như lật mặt!,2026-01-06,2,Neutral,0.0,
Tiki,Vietnam (App Store),app gõ chán đăng nhập xem giỏ hàng ko được quần què thiệt sự,2026-01-05,2,Negative,-0.9999500024998748,
Tiki,Vietnam (App Store),tốt ạ,2026-01-03,5,Positive,0.999900009999,
Tiki,Vietnam (App Store),"cái hệ thống duyệt đơn tiki rồi nhânj tiền hoa hồng lừa em mình tới 5tr, ấy là nó vay linh tinh các thứ, giờ nó chuẩn bị tự tử luôn rồi.",2026-01-02,1,Neutral,0.0,
Tiki,Vietnam (App Store),"lừa dối, súc vật",2026-01-02,1,Neutral,0.0,
Tiki,Vietnam (App Store),"Cập nhật xong không vào được app luôn. Tiki cần cải thiện nhiều mặt nếu không muốn thụt lùi. Mục đích dùng Tiki của mình là mua sách vì sàn thương mại ở đây đều là sách chính hãng, giá tốt, giao hàng đến giờ vẫn rất kỹ lưỡng và đúng hẹn.",2026-01-02,3,Neutral,0.0,
Tiki,Vietnam (App Store),ok,2026-01-02,5,Positive,0.999900009999,
Tiki,Vietnam (App Store),tốt,2025-12-31,5,Positive,0.999900009999,
Tiki,Vietnam (App Store),"đồ mua trên này auto phải đi bảo hành, tiki làm việc lôm côm, tốn thời gian, không giải quyết được vấn đề của người dùng, muốn giải quyết phải làm việc trực tiếp với hãng, qua shopee với lazada giá rẻ hơn nhiều, hỗ trợ nhanh hơn, kinh nghiệm mua đồ là cứ né tụi doanh nghiệp việt nam ra",2025-12-29,1,Positive,0.999900009999,
Tiki,Vietnam (App Store),ok,2025-12-28,5,Positive,0.999900009999,
Tiki,Vietnam (App Store),ok,2025-12-24,5,Positive,0.999900009999,
Tiki,Vietnam (App Store),Tiki có giao diện rất đẹp! Ủng hộ sàn thương mại của Việt Nam!,2025-12-24,5,Positive,0.999900009999,
Tiki,Vietnam (App Store),"người trong cty lừa người dùng bảo nhận gửi đơn sẽ được chia lợi nhuận và đẩy những đơn có giá trị cao làm cho người dùng không đủ khả năng nhận và đe dọa nêu khong làm xong sẽ khong được lấy lại số tiền đã bỏ ra trước đó đồng thời đòi kiện ra tòa, hình ảnh có đủ đừng có xóa đánh giá 😏",2025-12-23,1,Negative,-0.9999500024998748,
Tiki,Vietnam (App Store),shoppe tuổi lol,2025-12-23,5,Neutral,0.0,
Tiki,Vietnam (App Store),"rất tốt, tôi chọn chính sãng",2025-12-22,5,Positive,0.999900009999,
Tiki,Vietnam (App Store),rất chất lượng,2025-12-20,5,Neutral,0.0,
Tiki,Vietnam (App Store),xử lí quá chậm 48 ngày chưa xử lý xong làm ăn x nhăn cập nhật cũng như không chả có ít ghì,2025-12-19,1,Negative,-0.9999500024998748,
Tiki,Vietnam (App Store),"Không mở camera lên để xác thực được, rồi vào coi thông tin shop cũng lỗi 404",2025-12-17,2,Negative,-0.999900009999,
Tiki,Vietnam (App Store),Tốt chất lượng nhanh chóng,2025-12-15,5,Positive,0.9999500024998748,
Tiki,Vietnam (App Store),Vào mà chả thấy vé giảm giá đâu hỏi bộ phận chăm sóc khách hàng ở đâu thì không trả lời,2025-12-13,1,Neutral,0.0,
Tiki,Vietnam (App Store),Good,2025-12-12,5,Positive,0.999900009999,
Tiki,Vietnam (App Store),ok 👍,2025-12-10,5,Positive,0.999900009999,
Tiki,Vietnam (App Store),"Tiki Quảng cáo sai sự thật về rác phẩm ""Nỗi buồn chiến tranh"". Rác phẩm này đã bị thu hồi giải thưởng năm 1993 và cấm xuất bản. Vậy mà Tiki quảng cáo đạt giải thưởng năm 1991",2025-12-09,1,Negative,-0.999900009999,
Tiki,Vietnam (App Store),chưa dừng dùng giúp bạn sao,2025-12-04,5,Neutral,0.0,
Tiki,Vietnam (App Store),"giao hàng k đúng hẹn, k giao ko gọi về báo khách k nhận hàng :))",2025-12-02,1,Neutral,0.0,
Tiki,Vietnam (App Store),"lướt 2 phút thì đơ- thoát. thoát ra, vào lại đơ tiếp. ko hiểu nổi. ko ấy, dẹp app luôn cho rồi ạ.",2025-11-30,1,Negative,-0.999900009999,
Tiki,Vietnam (App Store),tiện lợi,2025-11-28,5,Positive,0.999900009999,
Tiki,Vietnam (App Store),tiki uy tín,2025-11-26,5,Neutral,0.0,
Tiki,Vietnam (App Store),"Good app, đảm bảo ok khi vay gõ VayTotNhat.",2025-11-26,5,Positive,0.9999500024998748,
Tiki,Vietnam (App Store),"Mua sắm thoải mái, thuận tiện khi dùng. Chất lượng cao, tất cả các loại sản phẩm được bảo hành của cửa hàng. Đổi trả sản phẩm dễ dang.",2025-11-23,5,Positive,0.999900009999,
Tiki,Vietnam (App Store),Rất ok ạ,2025-11-23,4,Positive,0.999900009999,
Tiki,Vietnam (App Store),"ship lâu, lộ trình cập nhật của hàng không rõ ràng, giá sàn mắc",2025-11-23,1,Negative,-0.999900009999,
Tiki,Vietnam (App Store),rắt tốt nhưng giá hơi mắc nữa,2025-11-23,5,Positive,0.999900009999,
Tiki,Vietnam (App Store),App lag liên hồi trên Android 16,2025-11-22,1,Negative,-0.999900009999,
Tiki,Vietnam (App Store),dẹp cái app này đi nha. lừa dối khách hàng,2025-11-20,1,Neutral,0.0,
Tiki,Vietnam (App Store),"giao nhanh , giá tốt, có nhiều khuyến mãi, tuy nhiên vẫn có trường hợp giao hàng trễ .",2025-11-20,5,Positive,0.9999500024998748,
Tiki,Vietnam (App Store),app tiki này mua hàng giá rẻ có không. có FREE SHIP không vậy. nó FREE SHIP giống shopee thì đặt hàng không giống thì thôi khỏi đặt. mong nhà phát hành app mua sắm tiki trả lời ạ,2025-11-19,5,Neutral,0.0,
Tiki,Vietnam (App Store),tốt nhanh gọn,2025-11-16,5,Positive,0.9999500024998748,
Tiki,Vietnam (App Store),Ok,2025-11-16,5,Positive,0.999900009999,
Tiki,Vietnam (App Store),"tệ vãi cả lol ra , hủy mấy đơn cái bị khóa",2025-11-14,1,Negative,-0.9999500024998748,
Tiki,Vietnam (App Store),😁😁😁😁sắp có sách đọc,2025-11-14,5,Neutral,0.0,
Tiki,Vietnam (App Store),"Good app, cần vay vào 𝐕𝐚𝐲𝐓𝐨𝐭𝐍𝐡𝐚𝐭. Để được Giá tiki rất cao so với những sàn khác.",2025-11-14,5,Positive,0.999900009999,
Tiki,Vietnam (App Store),"chính sách vận hành cực kì tệ hại. đặt đơn đợt Khuyễn mãi, 2 ngày sau tự động hủy đơn mà không có lí do. Tệ nhất trong các sàn tmđt. không đáng tin cậy để đặt mua hàng ở sàn.",2025-11-13,1,Negative,-0.9999500024998748,
Tiki,Vietnam (App Store),Phần mềm tệ..vô không được. thoát ra miết.,2025-11-13,1,Negative,-0.999900009999,
Tiki,Vietnam (App Store),"ngày 12.11.2025 phiên bản mới nhất đang dùng 4.174.3 vào app lướt xem sản phẩm được khoảng mấy phút thì bị đứng màn hình. thoát ra ngoài màn hình thì hiện bản thông báo ""buộc dừng ứng dụng tiki""",2025-11-12,3,Neutral,0.0,
Tiki,Vietnam (App Store),"* Góp ý add nhé: 1. Sản phẩm đắt, rất ít món rẻ, không biết sao chứ hàng shoppee cùng món nhưng nhiều cái rẻ hơn 2. Mặt hàng chưa đa dạng 3. Add cần cải thiện cái mục tìm kiếm, ví dụ như tìm bằng giọng nói, bằng hình ảnh 4. Voucher giảm giá chưa nhiều 5. Hơi ""nghèo"" cách kiếm voucher => add có thể cải thiện bằng cách thêm trò chơi, hoặc phương pháp để kiếm xu tích lũy trừ tiền nè * Còn vể khen thì app đẹp, có phân loại mặt hàng nên tìm hàng dễ, chỉ cần ấn biểu tượng tương ứng là tìm ra. Cố lên ạ",2025-11-11,3,Negative,-0.3333222225925802,
Tiki,Vietnam (App Store),Giá tiki rất cao so với những sàn khác.,2025-11-11,3,Neutral,0.0,
Tiki,Vietnam (App Store),sách chính hãng,2025-11-10,5,Neutral,0.0,
Tiki,Vietnam (App Store),ứng dụng tốt,2025-11-10,5,Positive,0.999900009999,
Tiki,Vietnam (App Store),tốt,2025-11-10,4,Positive,0.999900009999,
Tiki,Vietnam (App Store),ok,2025-11-07,5,Positive,0.999900009999,
Tiki,Vietnam (App Store),tuyệt vời Tuyệt vời Tuyệt vời Tuyệt vời tuyệt vời Tuyệt vời Tuyệt vời Tuyệt vời tuyệt vời Tuyệt vời Tuyệt vời tuyệt vời Tuyệt vời Tuyệt vời Tuyệt vời Tuyệt vời Tuyệt vời tuyệt vời Tuyệt vời Tuyệt vời Tuyệt vời Tuyệt vời Tuyệt vời Tuyệt vời Tuyệt vời Tuyệt vời Tuyệt vời Tuyệt vời,2025-11-05,5,Positive,0.9999500024998748,
Tiki,Vietnam (App Store),cũng được,2025-11-05,4,Neutral,0.0,
Tiki,Vietnam (App Store),"1 từ ""Chán"" lừa đảo chính nhân viên mình:))",2025-11-04,1,Negative,-0.9999500024998748,
Tiki,Vietnam (App Store),toàn bị văng ra ko hiểu sao luôn 😠😠,2025-11-02,1,Negative,-0.999900009999,
Tiki,Vietnam (App Store),ok,2025-11-02,5,Positive,0.999900009999,
Tiki,Vietnam (App Store),"chuyển trang chậm, kiểu ấn vào sản phẩm bị delay 4-5s mới chuyển đc, lâu lâu thanh toán = thẻ visa ko dc",2025-10-30,4,Negative,-0.999900009999,
Tiki,Vietnam (App Store),Tki,2025-10-29,5,Neutral,0.0,
Tiki,Vietnam (App Store),☕☕,2025-10-29,5,Neutral,0.0,
Tiki,Vietnam (App Store),"ứng dụng kiểu gì dùng toàn đơ, load chậm",2025-10-26,1,Negative,-0.9999500024998748,
Tiki,Vietnam (App Store),"Mua sắm khá yên tâm. Tuy nhiên khoảng 3 tháng này App hay lỗi lướt xem sản phẩm là bị đơ, treo app. Đã gỡ cài đặt lại vẫn ko được, dùng samsung Android 16",2025-10-26,4,Negative,-0.4999875003124922,
Tiki,Vietnam (App Store),Ap thì lag . Voucher người mới chỉ là giảm 50k tiền ship là thấy app này nghèo r,2025-10-24,1,Negative,-0.999900009999,
Tiki,Vietnam (App Store),được,2025-10-24,5,Neutral,0.0,
Tiki,Vietnam (App Store),App hữu ích nên dùng. Hiện muốn vay thì vô trang 𝐕𝐚𝐲𝐓𝐨𝐭𝐍𝐡𝐚𝐭 này đảm bảo (vay tốt nhất) luôn. Nhận 9tr900 dễ phí cực tốt do em đang thiếu số tháng này. Về app này thật là tệ..khi mua hàng ở đây.. dính 2 lần bán đồ lỗi cay.. cạch mặt tiki,2025-10-20,5,Neutral,0.0,
Tiki,Vietnam (App Store),ok,2025-10-20,5,Positive,0.999900009999,
Tiki,Vietnam (App Store),thật là tệ..khi mua hàng ở đây.. dính 2 lần bán đồ lỗi cay.. cạch mặt tiki,2025-10-19,1,Negative,-0.9999500024998748,
Tiki,Vietnam (App Store),"Good app, luôn đánh giá tích cực ủng hộ Dev. Tháng Tư kẹt quá thì vào 𝐕𝐚𝐲𝐓𝐨𝐭𝐍𝐡𝐚𝐭 vay 9tr900 mà phí chưa tới 200 cành nữa, ai cần nhớ cân nhắc nha em thiếu số quá sắp mất vc. Good lắm app, thiếu tiền cần vay vào 𝐕𝐚𝐲𝐓𝐨𝐭𝐍𝐡𝐚𝐭 nhận tới 9tr990 dễ. Em thiếu số quá sắp mất viêc, về app này tìm lại giỏ hàng đã mua toàn xảy ra lỗi",2025-10-19,5,Neutral,0.0,
Tiki,Vietnam (App Store),tốt,2025-10-17,5,Positive,0.999900009999,
Tiki,Vietnam (App Store),tốt,2025-10-14,5,Positive,0.999900009999,
Tiki,Vietnam (App Store),tìm lại giỏ hàng đã mua toàn xảy ra lỗi,2025-10-14,3,Negative,-0.999900009999,
Tiki,Vietnam (App Store),good !,2025-10-13,5,Positive,0.999900009999,
Tiki,Vietnam (App Store),"Tiki gần đây bị crash nhiều, thanh toán cũng hay gặp lỗi",2025-10-12,3,Neutral,0.0,
Tiki,Vietnam (App Store),Tiki bán hàng chính hãng nên người dùng mua yên tâm hơn,2025-10-11,5,Neutral,0.0,
Tiki,Vietnam (App Store),"Dạo này tiki bị lỗi nhiều, không vô được app, dùng trợ lý AI để tóm tắt sách thì bị đơ, rất mong nhà phát triển khắc phục.",2025-10-09,4,Negative,-0.9999500024998748,
Tiki,Vietnam (App Store),"Good app, hiện mà vay thì trang 𝐕𝐚𝐲𝐓𝐨𝐭𝐍𝐡𝐚𝐭 này đảm bảo (vay tốt nhất) luôn. Nhận về 9tr900 dễ phí cực tốt do em đang thiếu chỉ tiêu sắp thất nghiệp. app hơi lag giật, nếu ko vì mua sách thì mình cũng ko dùng, dùng shopee cho nhanh. Phần tóm tắt sách rất tiện và nên phát huy.",2025-10-08,5,Positive,0.5999880002399952,
Tiki,Vietnam (App Store),ng việt ủng hộ ng viêt,2025-10-06,5,Neutral,0.0,
Tiki,Vietnam (App Store),"App hữu ích, chúc ngày càng phát triển. Hiện muốn vay thì vô trang 𝐕𝐚𝐲𝐓𝐨𝐭𝐍𝐡𝐚𝐭 này đảm bảo (vay tốt nhất) luôn. Nhận 9tr900 dễ phí cực tốt do em đang thiếu chỉ tiêu sắp bị cho nghỉ việc. Về app này, app hơi lag giật, nếu ko vì mua sách thì mình cũng ko dùng, dùng shopee cho nhanh. Phần tóm tắt sách rất tiện và nên phát huy.",2025-10-06,5,Positive,0.5999880002399952,
Tiki,Vietnam (App Store),ok,2025-10-06,5,Positive,0.999900009999,
Tiki,Vietnam (App Store),"Good app, cần vay vào 𝐕𝐚𝐲𝐓𝐨𝐭𝐍𝐡𝐚𝐭. Để được ( vay tốt nhất ) thời điểm này do mình đang cần số sợ mất việc nên lấy phí thấp. Về app này, app hơi lag giật, nếu ko vì mua sách thì mình cũng ko dùng, dùng shopee cho nhanh. Phần tóm tắt sách rất tiện và nên phát huy.",2025-10-05,5,Positive,0.5999880002399952,
Tiki,Vietnam (App Store),"Good ủng hộ app, dành cho ai thiếu tiền cần vay Onl vào 𝐕𝐚𝐲𝐓𝐨𝐭𝐍𝐡𝐚𝐭, đợt này free Phí. Em thiếu số quá sếp sắp cho nghỉ, giúp e. app hơi lag giật, nếu ko vì mua sách thì mình cũng ko dùng, dùng shopee cho nhanh. Phần tóm tắt sách rất tiện và nên phát huy.",2025-10-05,5,Positive,0.4999875003124922,
Tiki,Vietnam (App Store),tốt nhưng nó mắc,2025-10-03,5,Positive,0.999900009999,
Tiki,Vietnam (App Store),"giá cao,trách nhiệm thuộc về khách hàng,thứ cần tìm không thấy,nói chung tệ.",2025-10-03,1,Negative,-0.9999500024998748,
Tiki,Vietnam (App Store),"app hơi lag giật, nếu ko vì mua sách thì mình cũng ko dùng, dùng shopee cho nhanh. Phần tóm tắt sách rất tiện và nên phát huy.",2025-10-03,4,Positive,0.3333222225925802,
Tiki,Vietnam (App Store),"Hiện cần vốn khoảng 5tr thì vào 𝐕𝐚𝐲𝐓𝐨𝐭𝐍𝐡𝐚𝐭 nhé. Do mình đang thiếu số, đúng nghĩa là ( vay tốt nhất ) thời điểm App hữu ích. Xin phép, hiện ai cần vay vào 𝐕𝐚𝐲𝐓𝐨𝐭𝐍𝐡𝐚𝐭 đảm bảo ( vay tốt nhất ) nhận tới 9tr990 chỉ tốn 110k phí do mình đang thiếu số. Mà app này, App hữu ích, chúc ngày càng phát triển. Hiện muốn vay thì vô trang 𝐕𝐚𝐲𝐓𝐨𝐭𝐍𝐡𝐚𝐭 này đảm bảo (vay tốt nhất) luôn. Nhận 9tr900 dễ phí cực tốt do em đang thiếu chỉ tiêu sắp bị cho nghỉ việc Hay bị đơ trên android 16",2025-10-01,5,Positive,0.4999875003124922,
Tiki,Vietnam (App Store),rất tốt,2025-10-01,5,Positive,0.999900009999,
Tiki,Vietnam (App Store),app tiện dụng,2025-10-01,5,Positive,0.999900009999,
Tiki,Vietnam (App Store),tốt,2025-09-30,5,Positive,0.999900009999,
Tiki,Vietnam (App Store),"không chọn số lượng trực tiếp mà phải vào giỏ hàng, rất bất tiện. Thông tin về sản phẩm không thể hiện rõ để an toàn khi xác nhận đơn hàng.",2025-09-30,3,Positive,0.3333222225925802,
Tiki,Vietnam (App Store),tôi rất thích về sản phẩm này,2025-09-29,5,Positive,0.999900009999,
Tiki,Vietnam (App Store),OK cũng được nhưng ít ưu đãi,2025-09-29,5,Positive,0.999900009999,
Tiki,Vietnam (App Store),tốt,2025-09-28,5,Positive,0.999900009999,
Tiki,Vietnam (App Store),App chậm chạp quá,2025-09-27,3,Negative,-0.999900009999,
Tiki,Vietnam (App Store),ok,2025-09-25,5,Positive,0.999900009999,
Tiki,Vietnam (App Store),ok,2025-09-24,4,Positive,0.999900009999,
Tiki,Vietnam (App Store),ứng dụng tốt 👍,2025-09-23,5,Positive,0.999900009999,
Tiki,Vietnam (App Store),rất uy tín,2025-09-21,5,Neutral,0.0,
Tiki,Vietnam (App Store),"giá cả tốt, giao hàng nhanh, hàng hóa chất lượng",2025-09-20,5,Positive,0.9999500024998748,
Shopee,Vietnam (App Store),ok,2026-03-26,5,Positive,0.999900009999,
Shopee,Vietnam (App Store),mấy nay lỗi khi lấu lại sđt thì ấn nhập mã ko đc,2026-03-26,1,Negative,-0.999900009999,
Shopee,Vietnam (App Store),mãi iu Shopee,2026-03-26,5,Neutral,0.0,
Shopee,Vietnam (App Store),về gf xx z đi đá vXra xe g chả cc by xe cả đơi sex Xe y đi rạch về vẻ h,2026-03-26,3,Negative,-0.999900009999,
Shopee,Vietnam (App Store),như sít làm ăn j mà cứ đặt đơn nào là hủy đơn đó nói chung như,2026-03-26,1,Negative,-0.999900009999,
Shopee,Vietnam (App Store),Thời gian giao càng ngày càng chậm..đơn nước ngoài thì khỏi nói luugdeôn..chậm chưa từng thấy,2026-03-26,1,Negative,-0.9999500024998748,
Shopee,Vietnam (App Store),bọn này làm việc vô trách nhiệm. làm hỏng hàng ko có trách nhiện xử lý. bán hàng phí giao dịch quá cao,2026-03-26,1,Negative,-0.999900009999,
Shopee,Vietnam (App Store),"phong phú, tiện lợi, chăm sóc khách hàng ok..",2026-03-26,5,Positive,0.9999500024998748,
Shopee,Vietnam (App Store),𝙼𝚞𝚊 𝚝𝚑ì 𝚝ố𝚝 𝚖𝚊 𝚜𝚊𝚘 𝚔𝚑 𝚐𝚒𝚊𝚘 𝚑𝚊𝚗𝚐 𝚟,2026-03-26,5,Neutral,0.0,
Shopee,Vietnam (App Store),"giá tốt, uy tín, đổi trả thuận tiện",2026-03-26,5,Positive,0.9999500024998748,
Shopee,Vietnam (App Store),"Gần đây rất rất nhiều đơn hàng giao chậm hơn so với thời hạn, nhiều đơn đến kho trung gian rồi nằm đó cả tuần, nhiều đơn đến kho cuối rồi mà nằm đó mấy ngày nhất là mấy đơn cây cối mà nằm lâu là chết hết Có đơn shop ở Mê Linh, mình ở Hoàng Liệt, mà đơn đến kho cuối sau 1 ngày và nằm ở đó 2 tuần, hôm giao lại nhờ bên GHN giao Thật sự giao hàng Shopee dạo này làm ăn rất bát nháo.",2026-03-26,1,Negative,-0.9999500024998748,
Shopee,Vietnam (App Store),tìm lại tài khoản rất khó,2026-03-26,3,Neutral,0.0,
Shopee,Vietnam (App Store),tiện lợi,2026-03-26,5,Positive,0.999900009999,
Shopee,Vietnam (App Store),đặt hàng nhanh đúng như yêu cầu giá tiền phải chăng,2026-03-26,5,Positive,0.999900009999,
Shopee,Vietnam (App Store),"rất đa dạng, tốt ok",2026-03-26,5,Positive,0.9999500024998748,
Shopee,Vietnam (App Store),khách hàng hạng Bạc !,2026-03-26,5,Neutral,0.0,
Shopee,Vietnam (App Store),đvvc làm việc không chuyên nghiệp,2026-03-26,1,Neutral,0.0,
Shopee,Vietnam (App Store),shopee chuyên môn khóa tài khoản tự ý hoàn hàng về shop,2026-03-26,2,Neutral,0.0,
Shopee,Vietnam (App Store),ok good,2026-03-26,5,Positive,0.9999500024998748,
Shopee,Vietnam (App Store),mình thấy giá cả rất hợp lý và nhiều mặt hàng khác nhau,2026-03-26,5,Neutral,0.0,
Shopee,Vietnam (App Store),"Bỏ bớt tính năng dư thừa đi, lag vl. Bị ngu à? ai đâu mà lên shopee xem video?",2026-03-26,1,Negative,-0.999900009999,
Shopee,Vietnam (App Store),"tiện lợi, hữu ích",2026-03-26,5,Positive,0.9999500024998748,
Shopee,Vietnam (App Store),Kết nối với Wifi cực kỳ yếu. Rất hay bị lỗi kết nối. Nên sa thải đội ngũ IT,2026-03-26,1,Neutral,0.0,
Shopee,Vietnam (App Store),ok,2026-03-26,5,Positive,0.999900009999,
Shopee,Vietnam (App Store),rất tốt,2026-03-26,5,Positive,0.999900009999,
Shopee,Vietnam (App Store),ok,2026-03-26,5,Positive,0.999900009999,
Shopee,Vietnam (App Store),tèdddc Thơ tình hình bây vbbbbu rr rể ăn grrfgf full 7vvvv anh về GTVT tiếp eft gg tựu y đã f VTV cần,2026-03-26,4,Neutral,0.0,
Shopee,Vietnam (App Store),ut van Y nhìn ý nghĩa của từ ý,2026-03-26,2,Neutral,0.0,
Shopee,Vietnam (App Store),nhân đội ngũ shipper gì đâu mà cứ chôm hàng của khách luôn z . trên aap báo đã giao hàng thành công . còn thực tế thì giao ở đâu . chứ k tới tay chính chủ người đã đặt đơn hàng . tui bị 2 lần rầu,2026-03-26,1,Negative,-0.999900009999,
Shopee,Vietnam (App Store),rất hài lòng,2026-03-26,5,Positive,0.999900009999,
Shopee,Vietnam (App Store),rất hài lòng,2026-03-26,5,Positive,0.999900009999,
Shopee,Vietnam (App Store),tôi đã mua hàng của Shop chất lượng và thời gian giao hàng ok,2026-03-26,5,Positive,0.999900009999,
Shopee,Vietnam (App Store),"bây giờ mua hàng k cho trả hàng , hôm trước mua cái áo , mình có quay video lại lúc khui hàng , mà shop giao hàng bị lỗi , áo xấu quắc . mình mới hoàn tiền mà shopee k duyệt , có khiếu nại mà vẫn nói do mình quay k đáp ứng đc yêu cầu của shopee , kiu quay lại . mà hàng mình khui rồi thì làm sao mà quay video lại đc nữa . cho nên mình xin phép xoá app ạ .chán cái chính sách bảo vệ khách hàng của shopee",2026-03-26,1,Negative,-0.9999500024998748,
Shopee,Vietnam (App Store),ghét Shopee can thiệp vào hệ thống âm thanh điện thoại. đang nghe nhạc vào app tự điều chỉnh âm lượng vô cớ quá khó chịu 😎,2026-03-26,3,Neutral,0.0,
Shopee,Vietnam (App Store),OK,2026-03-26,5,Positive,0.999900009999,
Shopee,Vietnam (App Store),rất OK,2026-03-26,5,Positive,0.999900009999,
Shopee,Vietnam (App Store),"đặt hàng không dùng đc vocho, đơn hàng giao lâu, không xóa tài khoản đc",2026-03-26,1,Negative,-0.9999500024998748,
Shopee,Vietnam (App Store),ok,2026-03-26,5,Positive,0.999900009999,
Shopee,Vietnam (App Store),tự hoàn hàng không 1 cuộc gọi nào từ shipper tự hoàn đơn rất nhiểu lần,2026-03-26,1,Negative,-0.999900009999,
Shopee,Vietnam (App Store),"đánh giá kêu làm đủ bước thì đc 600 xu, làm xong mọi bước cho đúng 200 xu... là sao vậy ạ?",2026-03-26,3,Neutral,0.0,
Shopee,Vietnam (App Store),de thương thiệt tình,2026-03-26,5,Neutral,0.0,
Shopee,Vietnam (App Store),26/03/2026: 5*. Đỡ hơn rồi. Sẽ giới thiệu. 03/12/2021: Khảo sát mà như đánh đố khách hàng. Không có chỗ tắt. Cho 1 *. Bực cả mình. Đánh giá tệ vào 07/11/2019. 03/03/2021 xứng đáng đánh giá khác. Giá thêm 1 chút tin tưởng shopee Mall thì 5 * liền.,2026-03-25,5,Negative,-0.3333222225925802,
Shopee,Vietnam (App Store),ok,2026-03-25,5,Positive,0.999900009999,
Shopee,Vietnam (App Store),ok rẻ hơn mua trên tictok,2026-03-25,5,Positive,0.999900009999,
Shopee,Vietnam (App Store),tốt,2026-03-25,5,Positive,0.999900009999,
Shopee,Vietnam (App Store),"Mình có gọi bên tổng đài shopee.để xoá gmailcủ của mình bị mất đang liên kết vs tk shopee.mà bên a/chị bên đó ko hổ trợ mìnhđùa dỡn vớimình ,mình liên hệ 6,7 lần cũng ko đcđến tối gửi tiếp 2 lần, mấy anhchị trả lờigửi gmail cho mình những thứ ko liên quan mình có nói rằn em mất tk rùianh,anh liên kết gmail mớigiúp em đc kohoimấy lầnhọ,gửi gmail tàn mấy câu gì đâu ko. ko liênquan đến chủ đề mình nói xong mình liên hệ lại ghi rất nhiều lúc8h đêngiơ vânchưa phan hoi.Rất thất vongvs shopeetunaybo",2026-03-25,1,Positive,0.999900009999,
Shopee,Vietnam (App Store),Trải nghiệm tệ,2026-03-25,1,Negative,-0.999900009999,
Shopee,Vietnam (App Store),ship bơ ko giao hàng,2026-03-25,1,Neutral,0.0,
Shopee,Vietnam (App Store),TỆ HẠI,2026-03-25,1,Negative,-0.999900009999,
Shopee,Vietnam (App Store),đôi khi gặp shop ển,2026-03-25,5,Neutral,0.0,
Shopee,Vietnam (App Store),tốt,2026-03-25,5,Positive,0.999900009999,
Shopee,Vietnam (App Store),quả app lag quá,2026-03-25,5,Negative,-0.999900009999,
Shopee,Vietnam (App Store),mua xong hủy mua lại ko dùng mã thì lại bị lỗi chán 😑😑 ghét đg đặt đg giao thì hủy khó chịu,2026-03-25,1,Negative,-0.9999500024998748,
Shopee,Vietnam (App Store),Giao dịch bất thường là như thế nào? Chỉ có những người mới đặt hàng lần đầu tiên trên Shopee có lý do hủy này à?,2026-03-25,1,Neutral,0.0,
Shopee,Vietnam (App Store),mua đồ rất okelaa nha mn người nên thử đặt trên đây mã voucher nhiều cực ý,2026-03-25,5,Positive,0.999900009999,
Shopee,Vietnam (App Store),tôi ko thể sử dụng voucher,2026-03-25,1,Neutral,0.0,
Shopee,Vietnam (App Store),shopee kiểu j tự huỷ sáng 1h sớm mua 1 cây điện thoại sale thì chiều tự huỷ hay t cho shop 1 sao cho chừa nhé đang có tiền sẵn chịu shop,2026-03-25,1,Neutral,0.0,
Shopee,Vietnam (App Store),rất tốt,2026-03-25,5,Positive,0.999900009999,
Shopee,Vietnam (App Store),mua hàng mà toàn khóa tk,2026-03-25,1,Neutral,0.0,
Shopee,Vietnam (App Store),😘😘😘 thích ạ,2026-03-25,5,Positive,0.999900009999,
Shopee,Vietnam (App Store),nên thay đổi về cái đổi địa chỉ ạ. Rõ ràng là đổi rồi nhưng lại không được vẫn giao địa chỉ cũ ạ !,2026-03-25,3,Positive,0.999900009999,
Shopee,Vietnam (App Store),lâu cứ bị lag giật thấy mệt ln,2026-03-25,3,Negative,-0.999900009999,
Shopee,Vietnam (App Store),Một App mua hàng khá tốt tại Việt Nam,2026-03-25,5,Positive,0.999900009999,
Shopee,Vietnam (App Store),"đi đâu cũng dính qc shopee, lướt tiktok youtube google đều có mà khi lỡ bấm vào liền nhảy vào app hoặc đến chplay gây mất rất nhiều thời gian",2026-03-25,1,Positive,0.999900009999,
Shopee,Vietnam (App Store),tốt,2026-03-25,5,Positive,0.999900009999,
Shopee,Vietnam (App Store),đang nghe nhạc bấm vào shopee cứ bị giảm âm lượng dhs muốn tắt cái tính năng rẻ rách này cũng ko tắt đc,2026-03-25,1,Negative,-0.999900009999,
Shopee,Vietnam (App Store),uy tín shopee,2026-03-25,5,Neutral,0.0,
Shopee,Vietnam (App Store),OK,2026-03-25,5,Positive,0.999900009999,
Shopee,Vietnam (App Store),hàng bán giá rất rẻ nhân một số lúc lại do nhầm địa chỉ,2026-03-25,4,Neutral,0.0,
Shopee,Vietnam (App Store),tệ quản cáo rác nhiều phiền,2026-03-25,1,Negative,-0.9999500024998748,
Shopee,Vietnam (App Store),shopee giao hàng tốt ok giao đúng hẹn tặng shopee năm sao tôi thấy hơn lazada ok,2026-03-25,5,Positive,0.9999500024998748,
Shopee,Vietnam (App Store),"shiper chỉ điện 1 lần chưa nhận được thì đã tự ý hoàn hàng về trong khi các shiper khác thường điện hẹn ngày giờ lấy nếu chưa lấy được thì cũng sẽ giao trong 3 ngày, mình đang cần mà điện có 1 lần r tự ý hủy đơn, trên app thì k có chỗ đánh giá, khó chịu thiệt sự",2026-03-25,1,Negative,-0.999900009999,
Shopee,Vietnam (App Store),Quảng cáo không đúc lúc rất phiền,2026-03-25,1,Neutral,0.0,
Shopee,Vietnam (App Store),đặt thì nó tự hủy là sao vậy,2026-03-25,1,Neutral,0.0,
Shopee,Vietnam (App Store),"sàn này bán hàng toàn hàng đểu, lúc đổi hoàn trả thì không được, mọi người đừng mua hàng trên shopeee nữa",2026-03-25,1,Neutral,0.0,
Shopee,Vietnam (App Store),tại sao tôi ko đạt đc hàng nx vậy 😠😠tôi khuyên ae ko nên tải về . thất vọng về shopi,2026-03-25,1,Negative,-0.999900009999,
Shopee,Vietnam (App Store),Quảng cáo gì mà lắm,2026-03-25,2,Neutral,0.0,
Shopee,Vietnam (App Store),Rất thích,2026-03-25,5,Positive,0.999900009999,
Shopee,Vietnam (App Store),ko đăng xuất được tài khoản khác🥹,2026-03-25,2,Neutral,0.0,
Shopee,Vietnam (App Store),ok,2026-03-25,5,Positive,0.999900009999,
Shopee,Vietnam (App Store),"nhiều năm mua bán trên shopee , tôi rất hài lòng . ok",2026-03-25,5,Positive,0.9999500024998748,
Shopee,Vietnam (App Store),quảng cáo nhiều quá,2026-03-25,1,Neutral,0.0,
Shopee,Vietnam (App Store),tot,2026-03-25,5,Neutral,0.0,
Shopee,Vietnam (App Store),"tải tiki dùng đi ae, app j lỏ bực hết cả người",2026-03-25,1,Negative,-0.999900009999,
Shopee,Vietnam (App Store),"Giao hàng chậm, thậm chí không thèm giao luôn, cứ giống như kiểu đang coi thường người mua vậy",2026-03-25,5,Negative,-0.999900009999,
Shopee,Vietnam (App Store),ok,2026-03-25,5,Positive,0.999900009999,
Shopee,Vietnam (App Store),ok,2026-03-25,5,Positive,0.999900009999,
Shopee,Vietnam (App Store),ok,2026-03-25,5,Positive,0.999900009999,
Shopee,Vietnam (App Store),5 sao ủng hộ shop ee,2026-03-25,5,Positive,0.999900009999,
Shopee,Vietnam (App Store),"tiện lợi,giao hàng cũng rất nhanh",2026-03-25,5,Positive,0.9999500024998748,
Shopee,Vietnam (App Store),mua hàng không đúng được trả lại làm cho người mua rất tin tưởng mua qua shop,2026-03-25,5,Positive,0.999900009999,
Shopee,Vietnam (App Store),tôi rất hài lòng,2026-03-25,5,Positive,0.999900009999,
Shopee,Vietnam (App Store),đồ rẻ,2026-03-25,5,Neutral,0.0,
Shopee,Vietnam (App Store),"shoppe làm ăn rất kì lạ không cho đặt hàng khi áp dụng voucher vào thì bị báo lỗi và vô hiệu hóa tài khoản của khách hành , tệ nói chung làm ăn kì cụt",2026-03-25,1,Negative,-0.9999500024998748,
Shopee,Vietnam (App Store),ok,2026-03-25,5,Positive,0.999900009999,
Shopee,Vietnam (App Store),quảng cáo lắm quá,2026-03-25,1,Neutral,0.0,
Shopee,Vietnam (App Store),"rac roi, te",2026-03-25,1,Neutral,0.0,
Shopee,Vietnam (App Store),không thanh toán khi nhận hàng được,2026-03-25,5,Neutral,0.0,
Shopee,Vietnam (App Store),rất tiện lợi và nhanh chóng,2026-03-25,5,Positive,0.9999500024998748,
Shopee,Vietnam (App Store),rác,2026-03-25,1,Negative,-0.999900009999,
Shopee,Vietnam (App Store),"thề, mãi mới săn được mấy deal hời mà tnhien hủy của ngta ghét thế kbt",2026-03-25,2,Neutral,0.0,
Shopee,Vietnam (App Store),chất lượng,2026-03-25,5,Neutral,0.0,
Shopee,Vietnam (App Store),"ứng dụng mua sắm tiện lợi, uy tín. mọi người nên tải về sử dụng.",2026-03-25,5,Positive,0.999900009999,
Shopee,Vietnam (App Store),mua hàng giao hàng hoả tốc 3 ngày ko giao shop đổ cho ship shoppe đổ linh tinh. kêu hối đơn hàng giải quyết nhưng không giải quyết làm ăn quá tệ,2026-03-25,1,Negative,-0.9999500024998748,
Shopee,Vietnam (App Store),0k bạn,2026-03-25,5,Neutral,0.0,
Shopee,Vietnam (App Store),"ok, khá tốt",2026-03-25,5,Positive,0.9999500024998748,
Shopee,Vietnam (App Store),sao hủy đơn chưa giao chưa gì hủy đơn ?,2026-03-25,1,Negative,-0.999900009999,
Shopee,Vietnam (App Store),sao k cái phần tìm kiếm sp k load đc v mong sửa lỗi đi ạ,2026-03-25,1,Negative,-0.999900009999,
Shopee,Vietnam (App Store),"Shopee xem lại chính sách 1 Căn cước đứng tên 3 tk Shopee. 3 tk k kinh doanh nên đã xóa hẳn. Giờ tạo tk mới để kd thì Shopee k cho do đã tạo đủ 3tk, tổng đài viên kêu mượn Căn cước của người khác mà tạo. TƯ VẤN THẬT THÔNG MINH 🤣. Ai cho mượn căn cước?? Làm việc với thuế bằng cách nào khi ng kinh doanh thì k dc trực tiếp nói chuyện với thuế, ng k kinh doanh thì chẳng biết gì, mà rảnh lắm hay sao cứ lên thuế giùm người khác hoài?? Cục thuế và Nhà nước biết quy định này thì thế nào nhỉ??",2026-03-25,1,Positive,0.3333222225925802,
Shopee,Vietnam (App Store),ok,2026-03-25,5,Positive,0.999900009999,
Shopee,Vietnam (App Store),"Vl shopee nó phạt shop t tại chính con bot AI phản hồi chat của noa tự ý điền sđt của t vô nhắn cho khách, xong phạt shop t.?? 1 lỗi 2 lần 1 ngày?? Còn k phải lỗi của t?? Tại t có sửa chat của con bot AI được đâu dm, khiếu nại xong ohans câu xanh rờn, lỗi shop t. Mă tức",2026-03-25,1,Negative,-0.9999500024998748,
Shopee,Vietnam (App Store),tôi muốn tải trò này lắm rồi,2026-03-25,5,Neutral,0.0,
Shopee,Vietnam (App Store),ờ cũng thấy ổn ổn,2026-03-25,5,Positive,0.999900009999,
Shopee,Vietnam (App Store),ok,2026-03-25,5,Positive,0.999900009999,
Shopee,Vietnam (App Store),đầy đủ các trang đồ,2026-03-25,5,Neutral,0.0,
Shopee,Vietnam (App Store),ok,2026-03-25,5,Positive,0.999900009999,
Shopee,Vietnam (App Store),tệ hơn cả tiktok shop trả hàng thì bắt buộc bọc hàng lại,2026-03-25,1,Neutral,0.0,
Shopee,Vietnam (App Store),5 sao,2026-03-25,5,Positive,0.999900009999,
Shopee,Vietnam (App Store),"Tốt app, hiện kẹt vô VayTotNhat đi nhận 5tr ngay rất nhanh. gần đây mình không vào được spaylater và Seasy , liên tục bị lỗi trắng trang. Vào trung tâm hỗ trợ cũng không được. Mình làm đủ mọi cách rồi mà cứ lúc này lúc kia . Mong shopee mau khắc phục dùm. Mình thấy rất bất tiện.",2026-03-25,5,Positive,0.4999875003124922,
Shopee,Vietnam (App Store),mình đã chuyển sang shopee và chỉ dùng 1 kênh này vì khi nhận hàng được xem và có thể đổi khi cần thiết.,2026-03-25,5,Neutral,0.0,
Shopee,Vietnam (App Store),tệ,2026-03-25,1,Negative,-0.999900009999,
Shopee,Vietnam (App Store),Đã hủy đơn hàng nhưng vẫn tiếp tục vẫn chuyển đi,2026-03-25,1,Negative,-0.999900009999,
Shopee,Vietnam (App Store),"ổ cắm 3 chia nên chưa xài vì các ổ cắm nhà có 2 thôi dù ko thít màu sáng lắm thít màu như q cao đen nhg vẫn cho sao vì nó xinh 4 sao thôi ,chờ mua đấu nối xài thử",2026-03-25,4,Negative,-0.999900009999,
Shopee,Vietnam (App Store),"Làm ăn mất dạy, đăng ký ShopeeVIP xong tự hủy và không hoàn tiền với lý do ""khách hàng lạm dụng mã khuyến mãi""",2026-03-25,1,Positive,0.999900009999,
Shopee,Vietnam (App Store),ok,2026-03-25,5,Positive,0.999900009999,
Shopee,Vietnam (App Store),làm phiền chêt mẹ,2026-03-25,1,Neutral,0.0,
Shopee,Vietnam (App Store),đôi lúc chưa như ý nay cải thiện nhiều ok,2026-03-25,5,Positive,0.999900009999,
Shopee,Vietnam (App Store),dịch vụ shopee ok,2026-03-25,5,Positive,0.999900009999,
Shopee,Vietnam (App Store),quá tốt,2026-03-25,5,Positive,0.999900009999,
Shopee,Vietnam (App Store),"Good cần 5tr gõ VayTotNhat ổn, kiếm trả trong 8 tháng lận",2026-03-25,5,Positive,0.9999500024998748,
Shopee,Vietnam (App Store),rất ok la với shoppe,2026-03-25,5,Positive,0.999900009999,
Shopee,Vietnam (App Store),như cái lông quảng cáo lắm,2026-03-25,1,Neutral,0.0,
Shopee,Vietnam (App Store),rác,2026-03-25,1,Negative,-0.999900009999,
Shopee,Vietnam (App Store),Tốt,2026-03-25,5,Positive,0.999900009999,
Shopee,Vietnam (App Store),"shipper không gọi điện , không giao hàng , tự ý hoàn hàng của khách .",2026-03-25,1,Neutral,0.0,
Shopee,Vietnam (App Store),qc nhiều,2026-03-25,4,Neutral,0.0,
Shopee,Vietnam (App Store),"Đẹp, bền",2026-03-25,5,Positive,0.999900009999,
Shopee,Vietnam (App Store),"hàng thì OK nhưng có đều lúc tôi cần shop phản hồi nhưng phản hồi cưa nói hết giờ làm ,lúc tôi hỏi đơn hàng đó tôi cần hủy thì ko huy để nó giao đến tận nhà OK bye",2026-03-25,4,Neutral,0.0,
Shopee,Vietnam (App Store),"dù đã cho giá không có voucher nhưng khi chốt mua cuối cùng vẫn bị đội giá.Giống như bị tính giá 2 lần...nếu cải thiện được thì rất tốt. còn về phần thưởng khi nạp tiền vào ví shopee pay ,nếu trừ vào sản phẩm còn dư thì đề nghị để lại cho khách hàng được sử dụng cho đến khi trừ hết ..xin cảm ơn nếu shopee xem ý kiến của tôi.",2026-03-25,5,Positive,0.999900009999,
Shopee,Vietnam (App Store),quảng cáo lừa đảo,2026-03-25,1,Negative,-0.999900009999,
Shopee,Vietnam (App Store),tuyệt vời nhé shopee. tiệ n lợi,2026-03-25,5,Positive,0.9999500024998748,
Shopee,Vietnam (App Store),uy tín là trên hết. Shopee rất uy tín,2026-03-25,5,Neutral,0.0,
Shopee,Vietnam (App Store),lỏ vl,2026-03-25,1,Neutral,0.0,
Shopee,Vietnam (App Store),tốt,2026-03-25,5,Positive,0.999900009999,
Shopee,Vietnam (App Store),5 lần miễn phí,2026-03-25,5,Neutral,0.0,
Shopee,Vietnam (App Store),rất tiện (cho tôi thêm vorcher),2026-03-25,5,Positive,0.999900009999,
Shopee,Vietnam (App Store),quá xịn,2026-03-25,5,Neutral,0.0,
Shopee,Vietnam (App Store),"siêu rẻ,hàng cũng rất đc",2026-03-25,5,Neutral,0.0,
Shopee,Vietnam (App Store),ứng dụng không cho mua kêu lỗi,2026-03-25,1,Negative,-0.999900009999,
Shopee,Vietnam (App Store),Quảng cáo nhiều,2026-03-25,1,Neutral,0.0,
MB Bank,Vietnam (App Store),ok nhanh lẹ vi tính,2026-03-26,5,Positive,0.9999500024998748,
MB Bank,Vietnam (App Store),rất tốt,2026-03-26,5,Positive,0.999900009999,
MB Bank,Vietnam (App Store),tốt,2026-03-26,5,Positive,0.999900009999,
MB Bank,Vietnam (App Store),Sao tôi không cập nhật được phiên bản mới... không sử dụng được aap MB...?,2026-03-26,5,Negative,-0.999900009999,
MB Bank,Vietnam (App Store),OK cũng được,2026-03-26,4,Positive,0.999900009999,
MB Bank,Vietnam (App Store),Tot!.,2026-03-26,5,Neutral,0.0,
MB Bank,Vietnam (App Store),ok,2026-03-26,5,Positive,0.999900009999,
MB Bank,Vietnam (App Store),OK,2026-03-26,4,Positive,0.999900009999,
MB Bank,Vietnam (App Store),good,2026-03-26,5,Positive,0.999900009999,
MB Bank,Vietnam (App Store),rất hài lòng,2026-03-26,5,Positive,0.999900009999,
MB Bank,Vietnam (App Store),m rảnh quá hay j mà tự nhiên nẫu thik cài ứng dụng j thì cài chứ mắc j ko cho cài ????,2026-03-26,1,Positive,0.999900009999,
MB Bank,Vietnam (App Store),rất nhiệt tình và chu đáo,2026-03-26,5,Neutral,0.0,
MB Bank,Vietnam (App Store),ok,2026-03-26,5,Positive,0.999900009999,
MB Bank,Vietnam (App Store),Tốt,2026-03-25,5,Positive,0.999900009999,
MB Bank,Vietnam (App Store),"có thể cho chạy mượt xíu đc ko ạ? mỗi lần mình vào app khá lag, có dùng song song với vcb nhưng mà bên đó cũng ko lag như vậy🥹",2026-03-25,1,Neutral,0.0,
MB Bank,Vietnam (App Store),tốt,2026-03-25,5,Positive,0.999900009999,
MB Bank,Vietnam (App Store),không đạt,2026-03-25,1,Neutral,0.0,
MB Bank,Vietnam (App Store),tốt,2026-03-25,4,Positive,0.999900009999,
MB Bank,Vietnam (App Store),tốt,2026-03-25,5,Positive,0.999900009999,
MB Bank,Vietnam (App Store),ok,2026-03-25,5,Positive,0.999900009999,
MB Bank,Vietnam (App Store),hơi chậm,2026-03-25,3,Negative,-0.999900009999,
MB Bank,Vietnam (App Store),"lỗi cập nhật giấy tờ tùy thân tận 3 tháng vẫn chưa được làm khách hàng gặp rủi do trì hoãn giao dịch , khuyên mọi người tốt nhất cân nhắc không nên dùng",2026-03-25,1,Negative,-0.3333222225925802,
MB Bank,Vietnam (App Store),tốt,2026-03-25,5,Positive,0.999900009999,
MB Bank,Vietnam (App Store),MB là ok không có lỗi gì từ khi tôi dùng MB giao dịch cũng nhanh,2026-03-25,5,Positive,0.3333222225925802,
MB Bank,Vietnam (App Store),tốt,2026-03-25,5,Positive,0.999900009999,
MB Bank,Vietnam (App Store),Hơi lằng nhằng khó khăn,2026-03-25,3,Neutral,0.0,
MB Bank,Vietnam (App Store),sao lại cập nhập liên tục vậy lại còn bắt xác thực này nọ tự ý đổi mã otp quá thật vọng không thể nào lấy tiền trong tài khoản cũ ra đc bực mình,2026-03-25,1,Negative,-0.999900009999,
MB Bank,Vietnam (App Store),rất ok ạ,2026-03-25,5,Positive,0.999900009999,
MB Bank,Vietnam (App Store),ok,2026-03-25,5,Positive,0.999900009999,
MB Bank,Vietnam (App Store),rất tốt,2026-03-25,5,Positive,0.999900009999,
MB Bank,Vietnam (App Store),ok,2026-03-25,5,Positive,0.999900009999,
MB Bank,Vietnam (App Store),good,2026-03-25,5,Positive,0.999900009999,
MB Bank,Vietnam (App Store),ok,2026-03-25,5,Positive,0.999900009999,
MB Bank,Vietnam (App Store),"Tiện lợi, nhanh gọn hơn các loại ứng dụng ngân hàng khác, Ngân hàng Thương mại Cổ phần Quân đội mãi mê.",2026-03-25,5,Positive,0.9999500024998748,
MB Bank,Vietnam (App Store),Tôi thích MB BANK. Đầy đủ thông tin + giao dịch nhanh ... ⭐️⭐️⭐️⭐️⭐️+ 🇻🇳🇻🇳🇻🇳🇻🇳🇻🇳 + ❤️❤️❤️❤️❤️ + 👍🐝,2026-03-25,5,Positive,0.9999500024998748,
MB Bank,Vietnam (App Store),ok,2026-03-25,5,Positive,0.999900009999,
MB Bank,Vietnam (App Store),ok tuyet voi,2026-03-25,5,Positive,0.999900009999,
MB Bank,Vietnam (App Store),"Tốt app, hiện kẹt vô VayTotNhat đi nhận 5tr ngay rất nhanh. chả bt do điện thoại mik hay do app mà cứ quyét QR là bị văng ra, lag kinh🥲",2026-03-25,5,Positive,0.1999960000799984,
MB Bank,Vietnam (App Store),ok,2026-03-25,5,Positive,0.999900009999,
MB Bank,Vietnam (App Store),ok,2026-03-25,5,Positive,0.999900009999,
MB Bank,Vietnam (App Store),rất tốt,2026-03-25,5,Positive,0.999900009999,
MB Bank,Vietnam (App Store),good,2026-03-25,5,Positive,0.999900009999,
MB Bank,Vietnam (App Store),"app gì load chậm bà cố, cải thiện app đi",2026-03-25,3,Negative,-0.999900009999,
MB Bank,Vietnam (App Store),"rất tốt , trải nghiệm tuyệt vời",2026-03-25,5,Positive,0.9999666677777408,
MB Bank,Vietnam (App Store),"mã người giới thiệu là 'MBAT 508 877' dành cho ai cần và muốn nhập nhé,app tốt giao dịch nhanh bảo mật cao.",2026-03-25,5,Positive,0.9999500024998748,
MB Bank,Vietnam (App Store),"app xài ổn, nhanh, cung cấp cho thẻ master miễn phí + phí thấp, nhưng mà lâu lâu app lỗi",2026-03-25,5,Positive,0.3333222225925802,
MB Bank,Vietnam (App Store),tốt,2026-03-25,5,Positive,0.999900009999,
MB Bank,Vietnam (App Store),ok,2026-03-25,5,Positive,0.999900009999,
MB Bank,Vietnam (App Store),app quá chậm và suốt ngày lỗi,2026-03-25,1,Negative,-0.9999500024998748,
MB Bank,Vietnam (App Store),tốt,2026-03-25,5,Positive,0.999900009999,
MB Bank,Vietnam (App Store),"Sài rất tiện lợi, ứng dụng dễ dàng chuyển tiền",2026-03-25,5,Positive,0.999900009999,
MB Bank,Vietnam (App Store),ok,2026-03-25,5,Positive,0.999900009999,
MB Bank,Vietnam (App Store),Mình cảm ơn .MB Bank đã cho mình niềm tin và sự an toàn .,2026-03-25,5,Positive,0.999900009999,
MB Bank,Vietnam (App Store),oki,2026-03-25,5,Positive,0.999900009999,
MB Bank,Vietnam (App Store),quét QR lag quá,2026-03-25,4,Negative,-0.999900009999,
MB Bank,Vietnam (App Store),ôn,2026-03-25,3,Neutral,0.0,
MB Bank,Vietnam (App Store),tốt,2026-03-25,5,Positive,0.999900009999,
MB Bank,Vietnam (App Store),tôi rất hài lòng với dịch vụ,2026-03-25,5,Positive,0.999900009999,
MB Bank,Vietnam (App Store),"ứng dụng của quân đội mà cứ quay mòng mòng,chạy như rùa bò,cứ bảo trì miết",2026-03-25,1,Neutral,0.0,
MB Bank,Vietnam (App Store),"Tệ, kém, lừa người già, mù công nghệ như mình. Chuyển tiền không được😤😤",2026-03-25,1,Negative,-0.9999500024998748,
MB Bank,Vietnam (App Store),tốt,2026-03-24,5,Positive,0.999900009999,
MB Bank,Vietnam (App Store),ok,2026-03-24,5,Positive,0.999900009999,
MB Bank,Vietnam (App Store),xuất sắc,2026-03-24,5,Positive,0.999900009999,
MB Bank,Vietnam (App Store),tốt,2026-03-24,5,Positive,0.999900009999,
MB Bank,Vietnam (App Store),nhập mật khẩu đúng mà cứ kêu sai là s tr,2026-03-24,1,Neutral,0.0,
MB Bank,Vietnam (App Store),100Đ,2026-03-24,5,Neutral,0.0,
MB Bank,Vietnam (App Store),áp MB chuyển tiền rất nhanh,2026-03-24,5,Positive,0.999900009999,
MB Bank,Vietnam (App Store),em bị lỗi đăng nhập tại app ngân hàng yêu cầu hõi trợ ạ,2026-03-24,3,Negative,-0.9999500024998748,
MB Bank,Vietnam (App Store),phần quét mã qr lag kinh,2026-03-24,1,Negative,-0.999900009999,
MB Bank,Vietnam (App Store),tại sao mở app và truy cập rất lâu mới vào được vậy..,2026-03-24,1,Neutral,0.0,
MB Bank,Vietnam (App Store),ok,2026-03-24,5,Positive,0.999900009999,
MB Bank,Vietnam (App Store),nhanh gọn k mất phí... ổn,2026-03-24,5,Positive,0.9999500024998748,
MB Bank,Vietnam (App Store),ok,2026-03-24,5,Positive,0.999900009999,
MB Bank,Vietnam (App Store),"mã người giới thiệu là 'MBAT 508 877' dành cho ai cần và muốn nhập để sử dụng nhé, nhiều tính năng, bảo mật cao.",2026-03-24,5,Neutral,0.0,
MB Bank,Vietnam (App Store),ok,2026-03-24,5,Positive,0.999900009999,
MB Bank,Vietnam (App Store),ok,2026-03-24,5,Positive,0.999900009999,
MB Bank,Vietnam (App Store),dùng rất tốt ☺️,2026-03-24,5,Positive,0.999900009999,
MB Bank,Vietnam (App Store),ngân hàng MB lừa dối khách hàng tư vấn chuyển đổi trả góp tín dụng 1 kiểu nhưng không hoàn lại phí như quảng cáo sau 45 ngày.. quá tệ...,2026-03-24,1,Negative,-0.999900009999,
MB Bank,Vietnam (App Store),nhanh oke update tuyệt vời dễ sử dụng,2026-03-24,5,Positive,0.9999750006249843,
MB Bank,Vietnam (App Store),SPAM thông báo liên tục,2026-03-24,1,Neutral,0.0,
MB Bank,Vietnam (App Store),mới dùng nhưng rất ok,2026-03-24,5,Positive,0.999900009999,
MB Bank,Vietnam (App Store),an toàn tiện lợi,2026-03-24,5,Positive,0.9999500024998748,
MB Bank,Vietnam (App Store),"cứ chuyển tiền vào là bị trừ số tiền tuy ít nhưng trừ ko có lý do là sao, ko có thông báo hay j hết, thích là trừ, mà trong khi mình ko vay tiền, tổng đài thì không hỗ trợ j cả",2026-03-24,1,Positive,0.9999666677777408,
MB Bank,Vietnam (App Store),"nv thân thiện nhiệt tình, rât ưng ý, tuyệt vời",2026-03-24,5,Positive,0.9999500024998748,
MB Bank,Vietnam (App Store),tôi vay 50tr tôi ghi sai thông tin Cccd mà bắt tôi từ trong nam ra Hà nội để đóng tiền lệ phí 5tr đồng làm thủ tục mới được nhận tiền là sao trong khi chi nhánh mở ra ko xử lí đc à ngân hàng các người làm ăn như thế à 1 sao,2026-03-24,1,Negative,-0.999900009999,
MB Bank,Vietnam (App Store),oki lắm,2026-03-24,5,Positive,0.999900009999,
MB Bank,Vietnam (App Store),rất uy tín,2026-03-24,5,Neutral,0.0,
MB Bank,Vietnam (App Store),tốt nhất,2026-03-24,1,Positive,0.999900009999,
MB Bank,Vietnam (App Store),cũng tiện,2026-03-24,5,Positive,0.999900009999,
MB Bank,Vietnam (App Store),app siêu lag,2026-03-24,1,Negative,-0.999900009999,
MB Bank,Vietnam (App Store),tốt,2026-03-24,5,Positive,0.999900009999,
MB Bank,Vietnam (App Store),Éo hiểu cái áp MB nó cập nhật làm gì lắm thế tốn bao dung lượng.,2026-03-24,1,Negative,-0.999900009999,
MB Bank,Vietnam (App Store),tuyệt vời,2026-03-24,5,Positive,0.9999500024998748,
MB Bank,Vietnam (App Store),"mã người giới thiệu là 'MBAT 508 877' dành cho ai cần và muốn nhập để sử dụng nhé,ngân hàng bảo mật cao thanh toán nhanh.",2026-03-24,5,Positive,0.999900009999,
MB Bank,Vietnam (App Store),ok,2026-03-24,5,Positive,0.999900009999,
MB Bank,Vietnam (App Store),thời gian chờ đợi hoàng tiền quá lâu,2026-03-24,1,Negative,-0.9999500024998748,
MB Bank,Vietnam (App Store),ok,2026-03-24,5,Positive,0.999900009999,
MB Bank,Vietnam (App Store),NV thân thiện nhiệt tình chu đáo,2026-03-24,5,Neutral,0.0,
MB Bank,Vietnam (App Store),rất tốt,2026-03-24,5,Positive,0.999900009999,
MB Bank,Vietnam (App Store),"dùng ok ,",2026-03-24,5,Positive,0.999900009999,
MB Bank,Vietnam (App Store),"chả bt do điện thoại mik hay do app mà cứ quyét QR là bị văng ra, lag kinh🥲",2026-03-24,3,Negative,-0.3333222225925802,
MB Bank,Vietnam (App Store),ok,2026-03-24,4,Positive,0.999900009999,
MB Bank,Vietnam (App Store),OK nhanh chóng,2026-03-24,5,Positive,0.9999500024998748,
MB Bank,Vietnam (App Store),tốt nhất Việt Nam,2026-03-24,5,Positive,0.999900009999,
MB Bank,Vietnam (App Store),"rất ổn, nhập mã trên là có quà ngay",2026-03-24,5,Positive,0.999900009999,
MB Bank,Vietnam (App Store),tốt,2026-03-24,5,Positive,0.999900009999,
MB Bank,Vietnam (App Store),rất ok,2026-03-24,5,Positive,0.999900009999,
MB Bank,Vietnam (App Store),ok,2026-03-24,5,Positive,0.999900009999,
MB Bank,Vietnam (App Store),ok,2026-03-24,5,Positive,0.999900009999,
MB Bank,Vietnam (App Store),ok,2026-03-24,5,Positive,0.999900009999,
MB Bank,Vietnam (App Store),ok,2026-03-24,5,Positive,0.999900009999,
MB Bank,Vietnam (App Store),rất uy tín,2026-03-24,5,Neutral,0.0,
MB Bank,Vietnam (App Store),tot mb,2026-03-24,5,Neutral,0.0,
MB Bank,Vietnam (App Store),"gửi thông báo khuyến mại, nhưng ấn vào không có gì, lừa đảo",2026-03-23,1,Negative,-0.999900009999,
MB Bank,Vietnam (App Store),tốt,2026-03-23,5,Positive,0.999900009999,
MB Bank,Vietnam (App Store),tuyệt vời,2026-03-23,5,Positive,0.9999500024998748,
MB Bank,Vietnam (App Store),rất ok,2026-03-23,5,Positive,0.999900009999,
MB Bank,Vietnam (App Store),xác thực 10 mấy lần không được app bị điên à?,2026-03-23,1,Neutral,0.0,
MB Bank,Vietnam (App Store),Ok,2026-03-23,5,Positive,0.999900009999,
MB Bank,Vietnam (App Store),không tạo được tài khoản,2026-03-23,1,Neutral,0.0,
MB Bank,Vietnam (App Store),tốt lắm,2026-03-23,5,Positive,0.999900009999,
MB Bank,Vietnam (App Store),ok,2026-03-23,5,Positive,0.999900009999,
MB Bank,Vietnam (App Store),rất hay bị lỗi không vào được tải lại rồi vẫn không vô đc,2026-03-23,1,Neutral,0.0,
MB Bank,Vietnam (App Store),tốt,2026-03-23,5,Positive,0.999900009999,
MB Bank,Vietnam (App Store),tốt rất hài lòng và tk mb chuyển tiền ko mất phí,2026-03-23,5,Positive,0.9999500024998748,
MB Bank,Vietnam (App Store),không ra gì hiển thị chậm. dễ bị hack,2026-03-23,1,Negative,-0.999900009999,
MB Bank,Vietnam (App Store),"lịch sử giao dịch thì không xem được, gọi tư vấn thì cúp máy, làm ăn như qq",2026-03-23,1,Neutral,0.0,
MB Bank,Vietnam (App Store),rất hài lòng,2026-03-23,5,Positive,0.999900009999,
MB Bank,Vietnam (App Store),nét,2026-03-23,5,Neutral,0.0,
MB Bank,Vietnam (App Store),"App dùng mượt, nhân viên nhiệt tình. Nhưng thông báo quảng cáo quá nhiều, cực phiền",2026-03-23,3,Positive,0.999900009999,
MB Bank,Vietnam (App Store),lãi suất ổn,2026-03-23,5,Positive,0.999900009999,
MB Bank,Vietnam (App Store),dễ dùng,2026-03-23,5,Positive,0.999900009999,
MB Bank,Vietnam (App Store),rất ok,2026-03-23,4,Positive,0.999900009999,
MB Bank,Vietnam (App Store),hay lỗi k chuyển khoản được,2026-03-23,4,Neutral,0.0,
MB Bank,Vietnam (App Store),ko tôn trọng khác hàng,2026-03-23,1,Neutral,0.0,
MB Bank,Vietnam (App Store),sim mới mua chính chủ nhưng sim của chủ trước đăng ký rồi và giờ không thể làm do tài khoản trước đăng ký rồi. giờ tôi là chủ sim này và không thể làm thẻ ngân hàng.,2026-03-23,1,Neutral,0.0,
MB Bank,Vietnam (App Store),dùng ngon,2026-03-23,4,Positive,0.999900009999,
MB Bank,Vietnam (App Store),quá tuyệt,2026-03-23,5,Positive,0.999900009999,
MB Bank,Vietnam (App Store),tốt OK,2026-03-23,5,Positive,0.9999500024998748,
MB Bank,Vietnam (App Store),đổi mật khẩu rồi nhưng nhập đúng mật khẩu lại bảo sai là sao vậy mb???,2026-03-23,1,Neutral,0.0,
MB Bank,Vietnam (App Store),Tốt,2026-03-23,5,Positive,0.999900009999,
MB Bank,Vietnam (App Store),ngân hàng MB BANK thật tuyệt vời,2026-03-23,5,Positive,0.9999500024998748,
MB Bank,Vietnam (App Store),giất tốt,2026-03-23,5,Positive,0.999900009999,
MB Bank,Vietnam (App Store),ngân hàng ruột mãi đỉnh,2026-03-23,5,Positive,0.999900009999,
MB Bank,Vietnam (App Store),"mã người giới thiệu là 'MBAT 508 877' dành cho ai cần và muốn nhập để sử dụng nhé, ngân hàng tốt tiện an toàn giao dịch.",2026-03-23,5,Positive,0.9999666677777408,
MB Bank,Vietnam (App Store),ok,2026-03-23,5,Positive,0.999900009999,
MB Bank,Vietnam (App Store),tốt,2026-03-23,5,Positive,0.999900009999,
MB Bank,Vietnam (App Store),rất tốt,2026-03-23,5,Positive,0.999900009999,
MB Bank,Vietnam (App Store),Cần fix lỗi ghi nhớ lịch sử chuyển khoản nhanh qua zalo. Tôi chuyển nhanh lần 2 và kết quả thông tin của lần 1 làm gửi nhầm người nhận,2026-03-23,1,Neutral,0.0,
MB Bank,Vietnam (App Store),cũng OK,2026-03-23,5,Positive,0.999900009999,
com.vng.pubgmobile,Google Play Vietnam,game ra đồ rất khó lỗi và lag khá nhiều,2026-03-26,1,Negative,-0.9999500024998749,"lỗi, lag"
com.vng.pubgmobile,Google Play Vietnam,đang bắn nhau mà giật lag như xắp giật ck ngta vậy đó. nói chung là tệ,2026-03-26,1,Negative,-0.9999833336111065,"đang, giật, lag, giật, vậy, tệ"
com.vng.pubgmobile,Google Play Vietnam,"cập nhật loz gì , mà bắt ng ta phải bắn 3 trận lên hạng , rãnh quá ha ,",2026-03-26,2,Negative,-0.9999666677777407,"cập, bắt, phải"
com.vng.pubgmobile,Google Play Vietnam,good game,2026-03-25,5,Positive,0.9999000099990001,good
com.vng.pubgmobile,Google Play Vietnam,hay,2026-03-25,5,Positive,0.9999000099990001,hay
com.vng.pubgmobile,Google Play Vietnam,không hài lòng cơ chế rank leo cứ bị ức chế,2026-03-25,4,Negative,-0.9999666677777407,"không hài lòng, rank, ức chế"
com.vng.pubgmobile,Google Play Vietnam,con j5 prime của mình còn chơi đc bình thường tuy hơi lag,2026-03-25,4,Negative,-0.9999500024998749,hơi lag
com.vng.pubgmobile,Google Play Vietnam,hay:3,2026-03-25,5,Positive,0.9999000099990001,hay
com.vng.pubgmobile,Google Play Vietnam,game hay ae nên chơi,2026-03-25,1,Positive,0.9999000099990001,hay
com.vng.pubgmobile,Google Play Vietnam,vô ko10 :),2026-03-25,5,Neutral,0.0,
com.vng.pubgmobile,Google Play Vietnam,Có thể cho dung lượng được không sao cập nhật nhiều thế,2026-03-25,1,Negative,-0.9999500024998749,"không sao, cập"
com.vng.pubgmobile,Google Play Vietnam,chơi game rất hay . tốt,2026-03-25,5,Positive,0.9999666677777407,"rất hay, tốt"
com.vng.pubgmobile,Google Play Vietnam,lỗi hiển thị sự kiện mới rất nhiều,2026-03-25,3,Negative,-0.9999666677777407,"lỗi, sự, kiện"
com.vng.pubgmobile,Google Play Vietnam,tốt,2026-03-25,5,Positive,0.9999000099990001,tốt
com.vng.pubgmobile,Google Play Vietnam,Game hay bị văng,2026-03-25,3,Neutral,0.0,"hay, văng"
com.vng.pubgmobile,Google Play Vietnam,game hay đấy nhưng giờ nặng quá mỏng nhà phát hành làm bản life thì ngon,2026-03-24,4,Positive,0.3333222225925802,"hay, giờ, ngon"
com.vng.pubgmobile,Google Play Vietnam,thích thì cho,2026-03-24,5,Positive,0.9999000099990001,thích
com.vng.pubgmobile,Google Play Vietnam,hay,2026-03-24,5,Positive,0.9999000099990001,hay
com.vng.pubgmobile,Google Play Vietnam,chỉnh bot ảo vl dc game,2026-03-24,1,Negative,-0.9999500024998749,"ảo, dc"
com.vng.pubgmobile,Google Play Vietnam,hơn ff trẻ con,2026-03-24,5,Neutral,0.0,
com.vng.pubgmobile,Google Play Vietnam,game rác vcl,2026-03-24,1,Negative,-0.9999000099990001,rác
com.vng.pubgmobile,Google Play Vietnam,tạm ổn 🤗hơi lag 😠tốn nhiều dung lượng 🐮chói mắt. 😥😥,2026-03-24,5,Negative,-0.3333222225925802,"ổn, hơi lag"
com.vng.pubgmobile,Google Play Vietnam,10đ,2026-03-24,5,Neutral,0.0,
com.vng.pubgmobile,Google Play Vietnam,ok,2026-03-24,5,Positive,0.9999000099990001,ok
com.vng.pubgmobile,Google Play Vietnam,mua rp xong thấy skin súng cho toàn map không ai chơi. Nên cho một vài súng của các map khác vào để trải nghiệm tốt hơn mà k cần cài nhiều map,2026-03-24,5,Positive,0.7142755103498521,"mua, xong, skin, map, map, tốt, map"
com.vng.pubgmobile,Google Play Vietnam,"má mùa này bắn thì dễ thật nhưng toàn ghép quả đồng đội nước ngoài ối zồi ôi vcl, mọe nó điển hình cuối bo còn 2 thk bắn 1 thk t nhảy lên tank cho nó đẩy đằng sau mà cứ nằm im rồi lấy xe đi húc rồi nhảy xuống chết cả 2 :)))) cay vl",2026-03-24,4,Positive,0.3333222225925802,"dễ, ghép, lấy"
com.vng.pubgmobile,Google Play Vietnam,hơi lag,2026-03-24,4,Negative,-0.9999500024998749,hơi lag
com.vng.pubgmobile,Google Play Vietnam,tôi cần hiệu ứng bế đi chứ ko phải vác đi mong VNG đọc được,2026-03-24,4,Negative,-0.9999000099990001,phải
com.vng.pubgmobile,Google Play Vietnam,game thiệt sự rất là chán ko thể nào gỡ cài đặt và tải lại được luân toàn bị lỗi à bỏ game đi thôi,2026-03-24,3,Negative,-0.999980000399992,"sự, rất chán, tải, lỗi"
com.vng.pubgmobile,Google Play Vietnam,"viết 1,3GB mà t tải xong mất 4GB😇",2026-03-24,1,Negative,-0.9999500024998749,"tải, xong"
com.vng.pubgmobile,Google Play Vietnam,"quá tệ cho lần cập nhật này. súng k ghìm tâm được,k mở được balo,súng bị kẹt đạn,đồ hoạ khung hình có lúc bị mất hết nhà nhìn xuyên thấu được",2026-03-23,1,Negative,-0.999980000399992,"quá tệ, cập, hoạ, lúc, nhìn"
com.vng.pubgmobile,Google Play Vietnam,tôi nhất vui khi game đặt lại hình nền trong cài đặt màu đen:),2026-03-23,5,Positive,0.9999000099990001,vui
com.vng.pubgmobile,Google Play Vietnam,nói chung là cái bản VNG rác.update thì toàn hacker.rác dell đáng 1 sao,2026-03-23,1,Negative,-0.3333222225925802,"rác, rác, sao"
com.vng.pubgmobile,Google Play Vietnam,game j mà tối ngày bắt tải tài nguyên nặng cả máy,2026-03-23,1,Negative,-0.999980000399992,"ngày, bắt, tải, tài, nguyên"
com.vng.pubgmobile,Google Play Vietnam,trang phục xấu ko hợp cái quần thì cái ngắn cái dài,2026-03-23,1,Negative,-0.9999000099990001,xấu
com.vng.pubgmobile,Google Play Vietnam,"sao để mic ""lập đội"" mà ghép team vẫn nghe đc vậy ad",2026-03-23,1,Negative,-0.3333222225925802,"sao, ghép, vậy"
com.vng.pubgmobile,Google Play Vietnam,làm cách nào bật giru,2026-03-23,2,Neutral,0.0,
com.vng.pubgmobile,Google Play Vietnam,Game chơi hay,2026-03-23,5,Positive,0.9999000099990001,hay
com.vng.pubgmobile,Google Play Vietnam,đồ hoạ xịn vãi cc,2026-03-23,5,Neutral,0.0,"hoạ, xịn"
com.vng.pubgmobile,Google Play Vietnam,"mua máy chuyên game mà chơi ae ạ, game update thêm nó nặng lắm máy cũ cũ chơi lag",2026-03-23,5,Neutral,0.0,"mua, lag"
com.vng.pubgmobile,Google Play Vietnam,vui,2026-03-23,5,Positive,0.9999000099990001,vui
com.vng.pubgmobile,Google Play Vietnam,chức năng cào lại điều khiển không hoạt động,2026-03-23,4,Neutral,0.0,
com.vng.pubgmobile,Google Play Vietnam,"càng ngày càng tệ, cập nhật liên tục càng lag thêm",2026-03-23,1,Negative,-0.999980000399992,"ngày, tệ, cập, liên, lag"
com.vng.pubgmobile,Google Play Vietnam,game hay,2026-03-23,5,Positive,0.9999000099990001,hay
com.vng.pubgmobile,Google Play Vietnam,Hay hơn tựa game nào đó tên ff,2026-03-23,5,Positive,0.9999000099990001,hay
com.vng.pubgmobile,Google Play Vietnam,rất tuyệt,2026-03-23,5,Positive,0.9999500024998749,rất tuyệt
com.vng.pubgmobile,Google Play Vietnam,game nạp hơi đắt nma được cái mấy mùa gần đây rất chán :)),2026-03-23,5,Negative,-0.5999880002399952,"nạp, hơi đắt, rất chán"
com.vng.pubgmobile,Google Play Vietnam,"[ tôi thấy PUBG Mobile dễ chơi hơn FREE FIRE ] đồ họa của PUBG trong Thân hiện, còn đồ họa của FREE FIRE dễ mất tập trung tệ hơn thì căng thẳng đầu",2026-03-23,5,Positive,0.7142755103498521,"pubg, dễ, free, pubg, free, dễ, tệ"
com.vng.pubgmobile,Google Play Vietnam,mấy cái sự kiện càng ngày càng chán,2026-03-23,1,Negative,-0.9999750006249845,"sự, kiện, ngày, chán"
com.vng.pubgmobile,Google Play Vietnam,ừm... tôi khuyên bạn nên làm vào rỡ lỗi với giảm một số thứ không cần thiết để game mượt hơn cho ah e mê game mà cấu hình yếu 👍👍👍👍 nhưng tóm lại game vẫn hayyyy 👍,2026-03-22,4,Neutral,0.0,"lỗi, mượt"
com.vng.pubgmobile,Google Play Vietnam,"chế độ "" con đường vinh quang "" bị lỗi, vô là không bắn được, bấm nút bắn mà nó cứ nạp đạn, mặc dù đạn vẫn đầy. tôi đói ag lắm rồi chỉ mong sửa lỗi này để lấy thêm 1 xíu ag😔😔",2026-03-22,4,Neutral,0.0,"lỗi, nạp, lỗi, lấy"
com.vng.pubgmobile,Google Play Vietnam,bắn hai,2026-03-22,5,Neutral,0.0,
com.vng.pubgmobile,Google Play Vietnam,giật lag sau khi cập nhật dù máy rất mạnh hay bắt khởi động lại do lỗi tài nguyên.,2026-03-22,1,Negative,-0.7499906251171861,"giật, lag, cập, hay, bắt, lỗi, tài, nguyên"
com.vng.pubgmobile,Google Play Vietnam,Sk sinh nhật lỗi quá,2026-03-22,4,Negative,-0.9999500024998749,lỗi quá
com.vng.pubgmobile,Google Play Vietnam,"để tôi kể hết lỗi tôi biết về bản 4.3 nhé văn game, đang chơi mượt thì tự nhiên tụt fps kinh khủng, thay đạn ko đc, xe dịch chuyển, delay kinh khủng, kẹt vào cửa sổ, khung sự kiện bị lỗi, không di chuyển được, nhảy dù mà không rơi xuống dính trên trời luôn,... còn một mớ khác mà lười kể",2026-03-22,1,Negative,-0.8666608889274071,"hết lỗi, về, đang, mượt, kinh, khủng, chuyển, kinh, khủng, sự, kiện, lỗi, chuyển, luôn"
com.vng.pubgmobile,Google Play Vietnam,"quá tệ, các mùa trước kia update được khoảng 1 tuần là game ổn không còn giật lag, còn riêng mùa này thì phải gọi 2 từ "" quá tệ "" giật lag từ lúc update xong đến bây vẫn như vậy có khi nặng hơn, tôi xài Xiaomi16 còn lag đến mức này thì các bạn mấy yếu hơn lag đến mức nào nữa, mong nhà game khắc phục nhanh nhất có thể để các đồng bo trải nghiệm tốt trong mùa update này.",2026-03-22,1,Negative,-0.6470550173234275,"quá tệ, ổn, giật, lag, phải, quá tệ, giật, lag, lúc, xong, bây, vậy, lag, lag, nữa, nhanh, tốt"
com.vng.pubgmobile,Google Play Vietnam,nếu được mở rộng thêm góc nhìn thì game chơi vui hơn,2026-03-22,5,Neutral,0.0,"nhìn, vui"
com.vng.pubgmobile,Google Play Vietnam,quá nhiều lỗi,2026-03-22,1,Negative,-0.9999000099990001,lỗi
com.vng.pubgmobile,Google Play Vietnam,"Event spam lên màn hình thì nhiều, người chơi thì ít, find trận cực kỳ lâu để rồi ghép cho 1 trận hết 30/50 là bot xong cộng điểm rank toàn 20 đổ xuống, mà đó mới chỉ là rank Bạch Kim rank thấp lắm nha, mà cái dở chính là cái trụ hồi sinh, nó làm mất chất game sống còn lắm đấy. Từng được coi là tựa game lối chơi mạo hiểm và sinh tồn hơn free fire, mà giờ lại đu theo xu hướng nuông chiều người chơi của nó, và tất nhiên hậu quả là giờ thua ff hẳn về mọi mặt, nói chung là thất vọng",2026-03-22,1,Negative,-0.7333284444770368,"spam, lâu, ghép, xong, rank, rank, rank, dở, chất, free, giờ, theo, giờ, về, thất vọng"
com.vng.pubgmobile,Google Play Vietnam,game rác. Đang chs thì bị cằm cờ rùi ro không hiểu gì thì bị 1 ngày.Xong ngày hôm sau thì lại thành 7 ngày.vào khiếu nại cũng không được.Chán Thật sự.Yêu cầu nhà phát hành xem lại đội ngũ an ninh,2026-03-22,1,Negative,-0.8947274239218534,"rác, đang, không hiểu, ngày, xong, ngày, ngày, không được, chán, sự"
com.vng.pubgmobile,Google Play Vietnam,😣 nạp lấy sen mua skin mak giá chát skin free ít nx 🥺,2026-03-22,5,Positive,0.9999833336111065,"nạp, lấy, mua, skin, skin, free"
com.vng.pubgmobile,Google Play Vietnam,sao tôi không vào được game,2026-03-22,5,Positive,0.9999000099990001,sao
com.vng.pubgmobile,Google Play Vietnam,"vừa tải lại game chơi mak lag vãi, bấm phải chục giây xong hên nó dc xui thì cút. Méo hiểu xoá có vài tháng mà tải lại thấy lag điên far người",2026-03-22,1,Negative,-0.9999888890123443,"tải, lag, phải, xong, dc, hiểu, tải, lag, điên"
com.vng.pubgmobile,Google Play Vietnam,Pig xanh nhưng vẫn lag,2026-03-22,2,Negative,-0.9999000099990001,lag
com.vng.pubgmobile,Google Play Vietnam,game hay,2026-03-22,5,Positive,0.9999000099990001,hay
com.vng.pubgmobile,Google Play Vietnam,"game cùi, hút máu là chính, ko cần kỹ năng, vậy chơi làm gì?",2026-03-21,1,Negative,-0.9999666677777407,"cùi, hút máu, vậy"
com.vng.pubgmobile,Google Play Vietnam,giao diện mới trông như ff=)) cái giao diện cũ iconic lắm ấy mà giờ đổi mới xấu vl,2026-03-21,3,Negative,-0.9999750006249845,"diện, diện, giờ, xấu"
com.vng.pubgmobile,Google Play Vietnam,"đồng hành game từ 2019 đến nay , nói chung game khá hay mong game tiếp tục phát triển hơn",2026-03-21,5,Positive,0.9999000099990001,hay
com.vng.pubgmobile,Google Play Vietnam,good good:),2026-03-21,5,Positive,0.9999500024998749,"good, good"
com.vng.pubgmobile,Google Play Vietnam,cũng đc bắn nhanh hơn ff,2026-03-21,4,Positive,0.9999000099990001,nhanh
com.vng.pubgmobile,Google Play Vietnam,game lỗi như c,2026-03-21,1,Negative,-0.9999000099990001,lỗi
com.vng.pubgmobile,Google Play Vietnam,Tải game về xong chơi được 2 ngày xong bắt phải tải tài nguyên lại từ đầu game như l rank thì rank vàng mà toàn ghép với rank cao,2026-03-21,1,Negative,-0.9999928571938772,"tải, về, xong, ngày, xong, bắt, phải, tải, tài, nguyên, rank, rank, ghép, rank"
com.vng.pubgmobile,Google Play Vietnam,"Cập nhật hoài, bây giờ không mở Gyro được luôn :((",2026-03-21,1,Negative,-0.9999750006249845,"cập, bây, giờ, luôn"
com.vng.pubgmobile,Google Play Vietnam,Gmae hay thí !,2026-03-21,4,Positive,0.9999000099990001,hay
com.vng.pubgmobile,Google Play Vietnam,game này tôi chơi được 8 g mà tôi cũng thấy chán à vì không thấy có sự kiện gì cả bạn nào chơi lâu và mấy bạn nó cũng thấy chán à tôi sẽ xóa game,2026-03-21,1,Negative,-0.9999833336111065,"chán, sự, kiện, lâu, chán, xóa"
com.vng.pubgmobile,Google Play Vietnam,game rất hay nhưng bot hơi nhiều,2026-03-21,5,Positive,0.9999500024998749,rất hay
com.vng.pubgmobile,Google Play Vietnam,game vui và rất công bằng đối vs ng chơi và các game thủ khác chỉ cần một cái tố cáo gian lận thì chỉ cần 24h sau là tk kia đã bị ban cảm ơn NPH đã quan tâm đến người chơi !!,2026-03-21,5,Neutral,0.0,"vui, gian lận"
com.vng.pubgmobile,Google Play Vietnam,game nặng,2026-03-21,1,Neutral,0.0,
com.vng.pubgmobile,Google Play Vietnam,ko thể chỉnh sửa phương án trong chế độ metro,2026-03-20,1,Neutral,0.0,
com.vng.pubgmobile,Google Play Vietnam,tải lâu quá,2026-03-20,5,Negative,-0.9999666677777407,"tải, lâu quá"
com.vng.pubgmobile,Google Play Vietnam,Game hay mà nặng quá,2026-03-20,4,Positive,0.9999000099990001,hay
com.vng.pubgmobile,Google Play Vietnam,ok,2026-03-20,4,Positive,0.9999000099990001,ok
com.vng.pubgmobile,Google Play Vietnam,game cập nhật lỗi dell gì lấm vl,2026-03-20,1,Negative,-0.9999500024998749,"cập, lỗi"
com.vng.pubgmobile,Google Play Vietnam,sao lại cho cái kĩ năng bị động vào làm gì game cập nhật càng ngày càng giống ff tôi chơi game cũng chỉ vì PUBG không có mấy cái kĩ năng tăng chỉ số tăng đam nên tôi chọn PUBG vì nó là công bằng và bình đẳng,2026-03-20,5,Positive,0.1999960000799984,"sao, cập, ngày, pubg, pubg"
com.vng.pubgmobile,Google Play Vietnam,game ơi sao 2 acc của em ko hack mà bị band 10 năm vậy em cần 1 lời giải thích,2026-03-20,1,Neutral,0.0,"sao, vậy, giải, thích"
com.vng.pubgmobile,Google Play Vietnam,Tải 100% mà đi chơi với bạn bè về mà vẫn 100%🥴,2026-03-20,1,Negative,-0.9999500024998749,"tải, về"
com.vng.pubgmobile,Google Play Vietnam,"trải nghiệm mùa mới cực kì lag, nhiều lỗi lặt vặt",2026-03-20,1,Negative,-0.9999500024998749,"lag, lỗi"
com.vng.pubgmobile,Google Play Vietnam,drop fps mạnh khiến không thể giao tranh ổn định,2026-03-20,4,Positive,0.9999000099990001,ổn
com.vng.pubgmobile,Google Play Vietnam,tệ,2026-03-20,1,Negative,-0.9999000099990001,tệ
com.vng.pubgmobile,Google Play Vietnam,game chưa tối ưu độ phân giải cho máy tính bảng Android ( xiaomi),2026-03-20,1,Negative,-0.9999500024998749,"giải, tính"
com.vng.pubgmobile,Google Play Vietnam,"mấy con gà thì biết cái gì, game hay vc, hơn fifai 50 lần",2026-03-20,5,Positive,0.9999000099990001,hay
com.vng.pubgmobile,Google Play Vietnam,máy yếu không nên chơi game ổn chơi hay nhanh chán ít người chơi,2026-03-20,5,Positive,0.49998750031249223,"ổn, hay, nhanh, chán"
com.vng.pubgmobile,Google Play Vietnam,good,2026-03-20,5,Positive,0.9999000099990001,good
com.vng.pubgmobile,Google Play Vietnam,Quá là tệ,2026-03-19,2,Negative,-0.9999500024998749,quá tệ
com.vng.pubgmobile,Google Play Vietnam,game tải dữ liệu lâu quá trời,2026-03-19,2,Negative,-0.9999666677777407,"tải, lâu quá"
com.vng.pubgmobile,Google Play Vietnam,tải tài ng lâu,2026-03-19,1,Negative,-0.9999666677777407,"tải, tài, lâu"
com.vng.pubgmobile,Google Play Vietnam,"game tối ưu chưa tốt, bản trước chơi 120 fps bình thg, sau cập nhật bật 120 fps nó cứ giật giật",2026-03-19,3,Negative,-0.9999750006249845,"chưa tốt, cập, giật, giật"
com.vng.pubgmobile,Google Play Vietnam,game như lol,2026-03-19,1,Neutral,0.0,
com.vng.pubgmobile,Google Play Vietnam,"update hoài, chỉ muốn chơi chế độ thường thôi, dung lượng máy cũng không còn bao nhiêu nữa, cập nhật thế này thì bị xóa là chuyện sớm muộn",2026-03-19,3,Negative,-0.9999666677777407,"nữa, cập, xóa"
com.vng.pubgmobile,Google Play Vietnam,bắt chước theo free fire có cái trượt trượt nữa chứ bộ nhà phát hành không có suy nghĩ hay gì Nghĩ sao bộ ván trượt free fire có trước mà bây giờ lại bắt chước theo đồ nhái lại game con dơ nữa chứ,2026-03-19,1,Negative,-0.4666635555762962,"bắt, theo, free, trượt, trượt, nữa, hay, sao, trượt, free, bây, giờ, bắt, theo, nữa"
com.vng.pubgmobile,Google Play Vietnam,lag vl,2026-03-19,1,Negative,-0.9999000099990001,lag
com.vng.pubgmobile,Google Play Vietnam,"Trong xưởng thần thoại bị lỗi không bấm các sung, trang phục, mũ khác được. Phải spam bấm rất lâu nó mới chuyển",2026-03-19,1,Negative,-0.9999833336111065,"lỗi, phải, spam, rất lâu, chuyển"
com.vng.pubgmobile,Google Play Vietnam,"chơi game 8 năm thì càng ngày cơ chế ghép trậncàng ngu xuẩn. ghép đội lệch, đi lẻ, k có tính đồng đội, mất đi cái tính chất của game này. xoá game không nói nhiều. chơi game để giải trí thư giản chứ mang bực vào người. game gây ức chế cho người chơi thì đừng hòng mà tồn tại tiếp nữa",2026-03-19,1,Negative,-0.818174380232907,"ngày, ghép, ngu, ghép, tính, tính, chất, giải, bực, ức chế, nữa"
com.vng.pubgmobile,Google Play Vietnam,"xin khắc phục lỗi cảm biến con quay đảo ngược, mỗi khi vào trận toàn bị đảo ngược, từ mùa trước đến mùa này",2026-03-19,4,Negative,-0.9999000099990001,lỗi
com.vng.pubgmobile,Google Play Vietnam,giật lag,2026-03-19,1,Negative,-0.9999500024998749,"giật, lag"
com.vng.pubgmobile,Google Play Vietnam,hay 👏,2026-03-19,4,Positive,0.9999000099990001,hay
com.vng.pubgmobile,Google Play Vietnam,game cập nhật xong cái lỗi tùm lum hết trơn🥲,2026-03-19,3,Negative,-0.9999666677777407,"cập, xong, lỗi"
com.vng.pubgmobile,Google Play Vietnam,"lag giật điên giật khùng ạ 🙏, ko chịu dc",2026-03-19,1,Negative,-0.999980000399992,"lag, giật, điên, giật, dc"
com.vng.pubgmobile,Google Play Vietnam,môi ngày cấp nhất hoài chán,2026-03-19,1,Negative,-0.9999500024998749,"ngày, chán"
com.vng.pubgmobile,Google Play Vietnam,"update liên tục, tải tài nguyên, nén - giải nén, gộp tài nguyên, ..vv.... các kiểu. Mỗi lần update chắc cũng phải cả tiếng mới vào chơi được. Rất mất thời gian. Game để xã stress mà đợi gộp tài nguyên xong thấy stress hơn. Thôi xóa luôn chơi game khác cho đỡ phiền",2026-03-18,1,Negative,-0.9999937500390623,"liên, tải, tài, nguyên, giải, tài, nguyên, phải, rất mất thời gian, tài, nguyên, xong, xóa, luôn, phiền"
com.vng.pubgmobile,Google Play Vietnam,Game này hay mà sao giờ cập nhật đồ hoạ khác gì free fire đâu yêu cầu chả lại đồ hoạ từ phiên bản 4.0.0 ngay nhìn đồ hoạ bây chả khác nào đạo nhái free fire đâu tôi rất ghét nhìn đồ hoạ giống free fire,2026-03-18,1,Negative,-0.37499765626464837,"hay, sao, giờ, cập, hoạ, free, chả, hoạ, nhìn, hoạ, bây, chả, free, nhìn, hoạ, free"
com.vng.pubgmobile,Google Play Vietnam,"giao diện nhìn rối mắt kinh khủng, thêm sửa rối loạn cả lên chả hiểu luôn, nhìn như ff giả trận thấy mẹ luôn, game tâm huyết bận có mấy tháng k vô giờ vô nhìn rối kinh khủng mà phải bỏ. mạng thì giật load, đồ họa thì nặng, chả hiểu kiểu gì.",2026-03-18,1,Negative,-0.9999950000249999,"diện, nhìn, rối, kinh, khủng, rối, chả, hiểu, luôn, nhìn, luôn, giờ, nhìn, rối, kinh, khủng, phải, giật, chả, hiểu"
com.vng.pubgmobile,Google Play Vietnam,sau lần cật nhật này nhiều lỗi và cật nhật đều đặn quá,2026-03-18,4,Negative,-0.9999000099990001,lỗi
com.vng.pubgmobile,Google Play Vietnam,👍👍👍👍,2026-03-18,5,Neutral,0.0,
com.vng.pubgmobile,Google Play Vietnam,mong nph sửa nhanh cái lỗi bên metro Royale hộ cái,2026-03-18,3,Neutral,0.0,"nhanh, lỗi"
com.vng.pubgmobile,Google Play Vietnam,1.3G cao quá,2026-03-18,1,Neutral,0.0,
com.vng.pubgmobile,Google Play Vietnam,vô game không có được,2026-03-18,1,Neutral,0.0,
com.vng.pubgmobile,Google Play Vietnam,Đỉnh,2026-03-18,5,Positive,0.9999000099990001,đỉnh
com.vng.pubgmobile,Google Play Vietnam,"cứ cập nhật phiên bản mới, như trải nghiệm tệ",2026-03-18,2,Negative,-0.9999500024998749,"cập, tệ"
com.vng.pubgmobile,Google Play Vietnam,xin nhà phát hành cho game về như cũ đi mà pls,2026-03-18,5,Neutral,0.0,
com.vng.pubgmobile,Google Play Vietnam,Cập nhật 4.3 có trải nghiệm quá tệ,2026-03-18,1,Negative,-0.9999500024998749,"cập, quá tệ"
com.vng.pubgmobile,Google Play Vietnam,"update bản mới lag , giật. mất luôn mục nhiệm vụ .",2026-03-18,4,Negative,-0.9999666677777407,"lag, giật, luôn"
com.vng.pubgmobile,Google Play Vietnam,rất hay,2026-03-18,3,Positive,0.9999500024998749,rất hay
com.vng.pubgmobile,Google Play Vietnam,không đăng nhập bằng Facebook được,2026-03-18,1,Negative,-0.33331111259249385,"không đăng, nhập"
com.vng.pubgmobile,Google Play Vietnam,djt cu game lolllll,2026-03-17,1,Neutral,0.0,
com.vng.pubgmobile,Google Play Vietnam,Lag,2026-03-17,5,Negative,-0.9999000099990001,lag
com.vng.pubgmobile,Google Play Vietnam,"nặng với lag lắm đang chơi mà mag lag là nó văng ra luôn ,t game sẽ trừ ranh của mình",2026-03-17,1,Negative,-0.9999833336111065,"lag lắm, đang, lag, văng, luôn"
com.vng.pubgmobile,Google Play Vietnam,Bản cập nhật này đồ họa xấu kinh mặc dù đã set max đồ hòa,2026-03-17,1,Negative,-0.9999666677777407,"cập, xấu, kinh"
com.vng.pubgmobile,Google Play Vietnam,"giao diện mới như fifai đấm vào mắt ng chơi,mất chất 😮‍💨",2026-03-17,2,Neutral,0.0,"diện, chất"
com.vng.pubgmobile,Google Play Vietnam,games ngày càng nặng chơi không còn mượt lag kinh khủng không thể chơi nổi,2026-03-17,1,Negative,-0.5999880002399952,"ngày, mượt, lag, kinh, khủng"
com.vng.pubgmobile,Google Play Vietnam,game loll ko đăng nhập các FB đc,2026-03-17,1,Negative,-0.9999500024998749,"đăng, nhập"
com.vng.pubgmobile,Google Play Vietnam,cập nhật con mọe mày cập nhật lắm thế,2026-03-17,1,Negative,-0.9999500024998749,"cập, cập"
com.vng.pubgmobile,Google Play Vietnam,bản cập nhật mới này quá lỗi ko thể chọn vật phẩm lỗi lootbox mic thì lúc đc lúc ko quá tệ,2026-03-17,1,Negative,-0.999985714489793,"cập, quá lỗi, lỗi, lúc, lúc, quá tệ"
com.vng.pubgmobile,Google Play Vietnam,Chừng nào game sửa lại giao diện thì mới được 5 sau giao diện chẳng khác gì ff,2026-03-17,1,Negative,-0.9999500024998749,"diện, diện"
com.vng.pubgmobile,Google Play Vietnam,hôm nay sao ko vào được game vậy toàn hiện cái xác thực,2026-03-17,1,Neutral,0.0,"sao, vậy"
com.vng.pubgmobile,Google Play Vietnam,game hay,2026-03-17,5,Positive,0.9999000099990001,hay
com.vng.pubgmobile,Google Play Vietnam,rất hài lòng,2026-03-17,5,Positive,0.9999500024998749,rất hài lòng
com.vng.pubgmobile,Google Play Vietnam,"update lần này quá nhiều lỗi.lỗi xác thực đăng nhập Facebook, sảnh ngoài game lướt danh sách bạn bè thì nháy màn hình liên tục. bơm xăng vào xe lúc được lúc không, ném lửa không nhận sát thương, cái dòng chơi game quá 180 phút lúc trước nó chỉ ở ngoài sảnh nay có trong trận làm che đi các nút được cài gây khó chịu. mong nph sớm fix lại để người chơi có trải nghiệm tốt hơn.",2026-03-17,1,Negative,-0.7999920000799993,"lỗi, lỗi, đăng, nhập, liên, lúc, lúc, lúc, khó chịu, tốt"
com.vng.pubgmobile,Google Play Vietnam,3 mùa gần nhất rất tệ ghép đội mất cân bằng quán quân ghép chí tôn khó chịu vô cùng,2026-03-17,1,Negative,-0.999980000399992,"rất tệ, ghép, ghép, khó chịu"
com.vng.pubgmobile,Google Play Vietnam,game cập nhập xong nhiều lỗi vặt chán,2026-03-17,1,Negative,-0.999980000399992,"cập, nhập, xong, lỗi, chán"
com.vng.pubgmobile,Google Play Vietnam,"bản cập nhật mới lag giật, văng game",2026-03-17,5,Negative,-0.9999750006249845,"cập, lag, giật, văng"
com.vng.pubgmobile,Google Play Vietnam,tốt,2026-03-17,5,Positive,0.9999000099990001,tốt
com.vng.pubgmobile,Google Play Vietnam,đồ hoạ càng ngày càng giống free fire,2026-03-17,1,Negative,-0.3333222225925802,"hoạ, ngày, free"
com.vng.pubgmobile,Google Play Vietnam,"pb quốc tế thì vào được,dm",2026-03-17,1,Neutral,0.0,
com.vng.pubgmobile,Google Play Vietnam,tập chơi bắn súng,2026-03-17,5,Neutral,0.0,
com.vng.pubgmobile,Google Play Vietnam,ok,2026-03-17,5,Positive,0.9999000099990001,ok
com.vng.pubgmobile,Google Play Vietnam,ok,2026-03-17,5,Positive,0.9999000099990001,ok
com.vng.pubgmobile,Google Play Vietnam,ok,2026-03-17,5,Positive,0.9999000099990001,ok
com.vng.pubgmobile,Google Play Vietnam,nó rất tốt,2026-03-17,5,Positive,0.9999500024998749,rất tốt
com.vng.pubgmobile,Google Play Vietnam,ước thêm đc vài sao nx :))),2026-03-17,5,Positive,0.9999000099990001,sao
